refer_id,refer_sid,cite_id,cite_sid,refer_section_in_sections,refer_sentence_in_section_ratio,refer_sentence_in_document_ratio,cite_section_in_sections,cite_sentence_in_section_ratio,cite_sentence_in_document_ratio,label
C00-2123,[179],C02-1050,"[39, 40, 41]",4/ 7,39/ 51,179/ 203,2/ 8,20/ 22,40/ 130,8
C00-2123,"[1, 94]",C02-1050,[8],2/ 7,29/ 103,48/ 203,1/ 8,8/ 16,8/ 130,8
C00-2123,"[46, 47]",C02-1050,[43],3/ 7,10/ 103,46/ 203,3/ 8,1/ 48,43/ 130,8
C00-2123,"[94, 139]",C02-1050,[80],3/ 7,80/ 103,116/ 203,3/ 8,38/ 48,80/ 130,8
C00-2123,[39],C04-1091,[22],3/ 7,2/ 103,39/ 203,1/ 8,22/ 34,22/ 258,8
C00-2123,[6],E06-1004,"[21, 22]",1/ 7,6/ 12,6/ 203,1/ 6,22/ 33,22/ 229,8
C00-2123,[169],H01-1062,[113],4/ 7,29/ 51,169/ 203,5/ 8,16/ 76,113/ 181,8
C00-2123,[165],J03-1005,"[115, 117]",4/ 7,25/ 51,165/ 203,2/ 7,74/ 75,116/ 747,8
C00-2123,[20],J04-2003,[35],2/ 7,4/ 21,20/ 203,1/ 10,35/ 50,35/ 448,8
C00-2123,[179],J04-4002,[282],4/ 7,39/ 51,179/ 203,5/ 9,48/ 103,282/ 512,8
C00-2123,"[136, 165]",N03-1010,[16],4/ 7,62/ 51,150/ 203,1/ 4,16/ 31,16/ 242,8
C00-2123,[169],P01-1027,[127],4/ 7,29/ 51,169/ 203,6/ 7,34/ 42,127/ 135,8
C00-2123,[165],P03-1039,[113],4/ 7,25/ 51,165/ 203,6/ 8,22/ 75,113/ 167,8
C00-2123,[58],P03-1039,[120],3/ 7,21/ 103,58/ 203,6/ 8,29/ 75,120/ 167,3
C00-2123,[58],P03-1039,[120],3/ 7,21/ 103,58/ 203,6/ 8,29/ 75,120/ 167,8
C00-2123,[159],W01-1404,[5],4/ 7,19/ 51,159/ 203,1/ 9,5/ 18,5/ 149,3
C00-2123,[169],W01-1407,[110],4/ 7,29/ 51,169/ 203,7/ 9,26/ 47,110/ 146,8
C00-2123,[165],W01-1408,[47],4/ 7,25/ 51,165/ 203,3/ 9,23/ 35,47/ 180,8
C00-2123,[1],W02-1020,"[61, 62]",0/ 7,1/ 4,1/ 203,3/ 8,20/ 32,62/ 170,0
C00-2123,[1],W02-1020,"[61, 62]",0/ 7,1/ 4,1/ 203,3/ 8,20/ 32,62/ 170,8
C02-1025,[63],C10-2104,[115],4/ 7,3/ 98,63/ 204,3/ 7,27/ 73,115/ 193,8
C02-1025,[4],C10-2167,[65],0/ 7,4/ 4,4/ 204,2/ 5,25/ 33,65/ 312,12
C02-1025,[4],I05-3013,[88],0/ 7,4/ 4,4/ 204,3/ 8,6/ 19,88/ 249,12
C02-1025,[196],I05-3030,[33],6/ 7,1/ 9,196/ 204,1/ 2,33/ 67,33/ 72,12
C02-1025,[86],P02-1061,[51],4/ 7,26/ 98,86/ 204,3/ 7,4/ 95,51/ 184,8
C02-1025,[6],P03-1028,[161],1/ 7,6/ 13,6/ 204,3/ 6,86/ 105,161/ 217,3
C02-1025,"[2, 3]",P03-1028,[52],0/ 7,2/ 4,2/ 204,2/ 6,29/ 52,52/ 217,8
C02-1025,[63],P05-1045,[174],4/ 7,3/ 98,63/ 204,8/ 11,9/ 28,174/ 199,8
C02-1025,[63],P05-1051,[27],4/ 7,3/ 98,63/ 204,2/ 11,4/ 10,27/ 162,8
C02-1025,[4],W03-0423,[12],0/ 7,4/ 4,4/ 204,1/ 5,12/ 11,12/ 124,12
C02-1025,"[102, 103, 104]",W03-0423,[32],4/ 7,43/ 98,103/ 204,3/ 5,8/ 83,32/ 124,8
C02-1025,"[61, 62, 63]",W03-0423,[44],4/ 7,2/ 98,62/ 204,3/ 5,20/ 83,44/ 124,8
C02-1025,[86],W03-0423,[62],4/ 7,26/ 98,86/ 204,3/ 5,38/ 83,62/ 124,8
C02-1025,"[61, 62, 63]",W03-0423,[46],4/ 7,2/ 98,62/ 204,3/ 5,22/ 83,46/ 124,8
C02-1025,"[136, 137]",W03-0432,[44],4/ 7,76/ 98,136/ 204,3/ 7,7/ 34,44/ 109,8
C02-1025,[11],W04-0705,[8],1/ 7,11/ 13,11/ 204,1/ 11,8/ 20,8/ 163,8
C02-1025,[63],W04-0705,[147],4/ 7,3/ 98,63/ 204,8/ 11,30/ 34,147/ 163,8
C02-1025,[4],W06-0119,[11],0/ 7,4/ 4,4/ 204,1/ 5,11/ 24,11/ 88,12
C04-1089,"[53, 61]",C10-1070,"[78, 79]",2/ 9,18/ 13,57/ 176,2/ 7,38/ 51,78/ 196,8
C04-1089,[135],C10-2164,[15],5/ 9,63/ 89,135/ 176,2/ 10,1/ 21,15/ 227,8
C04-1089,"[10, 11]",D10-1042,"[53, 54]",1/ 9,10/ 18,10/ 176,2/ 7,8/ 18,54/ 214,3
C04-1089,[32],D12-1003,[38],2/ 9,9/ 31,32/ 176,2/ 9,7/ 52,38/ 310,8
C04-1089,[17],D12-1003,[68],1/ 9,17/ 18,17/ 176,2/ 9,37/ 52,68/ 310,0
C04-1089,[17],D12-1003,[68],1/ 9,17/ 18,17/ 176,2/ 9,37/ 52,68/ 310,8
C04-1089,[17],N09-1048,[15],1/ 9,17/ 18,17/ 176,1/ 10,15/ 33,15/ 241,0
C04-1089,[17],N09-1048,[15],1/ 9,17/ 18,17/ 176,1/ 10,15/ 33,15/ 241,8
C04-1089,[17],N09-1048,[50],1/ 9,17/ 18,17/ 176,2/ 10,10/ 21,50/ 241,0
C04-1089,[17],N09-1048,[50],1/ 9,17/ 18,17/ 176,2/ 10,10/ 21,50/ 241,8
C04-1089,[17],P06-1011,[147],1/ 9,17/ 18,17/ 176,4/ 7,1/ 21,147/ 177,0
C04-1089,[17],P06-1011,[147],1/ 9,17/ 18,17/ 176,4/ 7,1/ 21,147/ 177,8
C04-1089,[90],P13-1059,[208],5/ 9,18/ 89,90/ 176,6/ 9,17/ 19,208/ 221,8
C04-1089,[30],P13-1062,"[163, 164]",2/ 9,7/ 31,30/ 176,5/ 8,4/ 75,164/ 243,8
C04-1089,[17],P13-2036,[7],1/ 9,17/ 18,17/ 176,1/ 7,7/ 23,7/ 105,0
C04-1089,[17],P13-2036,[7],1/ 9,17/ 18,17/ 176,1/ 7,7/ 23,7/ 105,8
C04-1089,[107],P13-2036,[8],5/ 9,35/ 89,107/ 176,1/ 7,8/ 23,8/ 105,8
C04-1089,[17],W11-1215,[38],1/ 9,17/ 18,17/ 176,2/ 9,16/ 17,38/ 233,0
C04-1089,[17],W11-1215,[38],1/ 9,17/ 18,17/ 176,2/ 9,16/ 17,38/ 233,8
C04-1089,[7],W13-2501,[23],1/ 9,7/ 18,7/ 176,2/ 7,1/ 18,23/ 200,3
C04-1089,[135],W13-2512,[66],5/ 9,63/ 89,135/ 176,2/ 4,18/ 172,66/ 221,8
C08-1098,"[5, 6, 127]",C10-2023,[122],2/ 8,6/ 87,46/ 225,4/ 7,9/ 79,122/ 213,3
C08-1098,"[5, 6, 127]",C10-2023,[122],2/ 8,6/ 87,46/ 225,4/ 7,9/ 79,122/ 213,12
C08-1098,[100],D12-1133,[208],4/ 8,6/ 26,100/ 225,3/ 6,99/ 240,208/ 379,8
C08-1098,[167],D12-1133,[228],5/ 8,47/ 87,167/ 225,3/ 6,119/ 240,228/ 379,12
C08-1098,[4],D13-1032,[212],1/ 8,4/ 36,4/ 225,5/ 8,20/ 47,212/ 244,8
C08-1098,[95],D13-1033,[176],4/ 8,1/ 26,95/ 225,2/ 8,139/ 189,176/ 338,8
C08-1098,[59],E09-1079,[121],2/ 8,20/ 49,59/ 225,5/ 7,7/ 51,121/ 212,8
C08-1098,"[59, 68]",P10-1020,[159],2/ 8,24/ 49,64/ 225,3/ 7,71/ 108,159/ 255,8
C08-1098,[224],P10-1068,[42],7/ 8,1/ 2,224/ 225,2/ 8,31/ 64,42/ 177,8
C08-1098,[224],P10-1068,[74],7/ 8,1/ 2,224/ 225,2/ 8,63/ 64,74/ 177,8
C08-1098,"[5, 224]",P10-1068,[81],4/ 8,3/ 2,114/ 225,3/ 8,6/ 35,81/ 177,8
C08-1098,[224],W10-1704,[32],7/ 8,1/ 2,224/ 225,3/ 10,18/ 34,32/ 124,8
C08-1098,[127],W10-1727,[41],5/ 8,7/ 87,127/ 225,3/ 8,4/ 18,41/ 142,12
C08-1098,[224],W11-2135,[49],7/ 8,1/ 2,224/ 225,3/ 8,4/ 23,49/ 162,8
C08-1098,"[12, 127]",W11-2145,"[101, 102]",3/ 8,10/ 87,70/ 225,2/ 6,92/ 109,102/ 169,12
C08-1098,"[4, 5]",W11-2147,[26],1/ 8,4/ 36,4/ 225,2/ 6,15/ 40,26/ 137,3
C08-1098,[224],W12-3141,[89],7/ 8,1/ 2,224/ 225,5/ 7,8/ 80,89/ 162,8
C08-1098,[127],W12-3144,[127],5/ 8,7/ 87,127/ 225,2/ 6,113/ 126,127/ 192,12
C08-1098,"[124, 224]",W12-3402,[78],6/ 8,2/ 2,174/ 225,4/ 8,16/ 51,78/ 202,8
C08-1098,[224],W13-2204,[35],7/ 8,1/ 2,224/ 225,3/ 10,6/ 28,35/ 158,8
C08-1098,[224],W13-2210,[37],7/ 8,1/ 2,224/ 225,4/ 10,4/ 20,37/ 139,8
C08-1098,[54],W13-2210,[85],2/ 8,15/ 49,54/ 225,6/ 10,8/ 16,85/ 139,8
C08-1098,[0],W13-2211,[84],0/ 8,1/ 3,1/ 225,2/ 6,73/ 93,84/ 120,0
C08-1098,[224],W13-2228,[134],7/ 8,1/ 2,224/ 225,6/ 9,14/ 56,134/ 192,8
C08-1098,[224],W13-2230,[35],7/ 8,1/ 2,224/ 225,3/ 8,6/ 18,35/ 176,8
C08-1098,[224],W13-2230,[58],7/ 8,1/ 2,224/ 225,4/ 8,11/ 34,58/ 176,8
C08-1098,[224],W13-2230,[83],7/ 8,1/ 2,224/ 225,5/ 8,2/ 53,83/ 176,8
C08-1098,"[1, 167]",W13-2302,[87],2/ 8,24/ 87,84/ 225,2/ 3,65/ 189,87/ 211,8
C08-1098,"[1, 167]",W13-2302,[87],2/ 8,24/ 87,84/ 225,2/ 3,65/ 189,87/ 211,12
C08-1098,[1],W13-2708,[111],0/ 8,1/ 3,1/ 225,3/ 8,54/ 65,111/ 221,8
C10-1045,[270],D12-1046,[39],6/ 8,63/ 104,270/ 320,2/ 6,13/ 16,39/ 257,8
C10-1045,[270],J13-1007,[72],6/ 8,63/ 104,270/ 320,1/ 13,72/ 61,72/ 761,8
C10-1045,[275],J13-1007,"[148, 149]",6/ 8,68/ 104,275/ 320,2/ 13,74/ 179,148/ 761,12
C10-1045,[270],J13-1007,"[479, 480]",6/ 8,63/ 104,270/ 320,7/ 13,16/ 57,480/ 761,8
C10-1045,[6],J13-1007,"[510, 511]",0/ 8,6/ 6,6/ 320,7/ 13,48/ 57,510/ 761,12
C10-1045,[24],J13-1007,[670],1/ 8,24/ 20,24/ 320,11/ 13,13/ 29,670/ 761,8
C10-1045,"[24, 289, 308]",J13-1007,[672],4/ 8,69/ 104,207/ 320,11/ 13,15/ 29,672/ 761,12
C10-1045,[11],J13-1008,[195],1/ 8,11/ 20,11/ 320,3/ 11,12/ 22,195/ 910,0
C10-1045,"[21, 22, 53, 141]",J13-1008,[196],2/ 8,20/ 74,59/ 320,3/ 11,13/ 22,196/ 910,12
C10-1045,"[21, 22, 53, 141]",J13-1008,[196],2/ 8,20/ 74,59/ 320,3/ 11,13/ 22,196/ 910,8
C10-1045,[64],J13-1008,[665],2/ 8,38/ 46,64/ 320,8/ 11,131/ 333,665/ 910,8
C10-1045,"[116, 117]",J13-1009,[190],4/ 8,4/ 21,116/ 320,3/ 11,29/ 58,190/ 738,8
C10-1045,[128],J13-1009,[193],4/ 8,16/ 21,128/ 320,3/ 11,32/ 58,193/ 738,12
C10-1045,[312],J13-1009,[316],7/ 8,1/ 9,312/ 320,5/ 11,36/ 104,316/ 738,12
C10-1045,[301],J13-1009,[397],6/ 8,94/ 104,301/ 320,6/ 11,13/ 104,397/ 738,12
C10-1045,[11],J13-1009,[406],1/ 8,11/ 20,11/ 320,6/ 11,22/ 104,406/ 738,0
C10-1045,[11],P11-1159,[109],1/ 8,11/ 20,11/ 320,4/ 10,36/ 42,109/ 250,0
C10-1045,[11],P11-2037,[34],1/ 8,11/ 20,11/ 320,2/ 11,12/ 19,34/ 128,0
C10-1045,[72],P11-2122,[7],2/ 8,46/ 46,72/ 320,1/ 7,7/ 8,7/ 124,12
C10-1045,[21],P11-2122,[73],1/ 8,21/ 20,21/ 320,4/ 7,1/ 41,73/ 124,12
C10-1045,[72],P11-2122,[109],2/ 8,46/ 46,72/ 320,4/ 7,37/ 41,109/ 124,12
C10-1045,"[277, 279]",P11-2124,[18],6/ 8,71/ 104,278/ 320,1/ 8,18/ 18,18/ 138,8
C10-1045,[0],P12-1016,[196],0/ 8,1/ 6,1/ 320,5/ 8,23/ 52,196/ 277,0
C10-1045,[24],P12-2002,[12],1/ 8,24/ 20,24/ 320,1/ 7,12/ 18,12/ 136,8
C10-1045,[0],P12-2002,"[34, 35]",0/ 8,1/ 6,1/ 320,2/ 7,12/ 28,34/ 136,0
C10-1045,"[24, 277, 279]",P12-2002,"[38, 39]",4/ 8,55/ 104,193/ 320,2/ 7,16/ 28,38/ 136,8
C10-1045,[153],W13-4904,[115],5/ 8,20/ 74,153/ 320,5/ 8,46/ 78,115/ 271,8
C10-1045,[301],W13-4904,[234],6/ 8,94/ 104,301/ 320,7/ 8,86/ 123,234/ 271,12
C10-1045,[301],W13-4904,[244],6/ 8,94/ 104,301/ 320,7/ 8,96/ 123,244/ 271,12
C10-1045,"[166, 167]",W13-4917,[260],5/ 8,34/ 74,166/ 320,4/ 10,60/ 290,260/ 811,8
C10-1045,[154],W13-4917,[262],5/ 8,21/ 74,154/ 320,4/ 10,62/ 290,262/ 811,8
C10-1045,[12],W13-4917,[218],1/ 8,12/ 20,12/ 320,4/ 10,18/ 290,218/ 811,8
C90-2039,"[21, 22, 23]",P99-1061,[48],1/ 7,22/ 52,22/ 210,2/ 4,28/ 169,48/ 197,3
C90-2039,"[205, 206]",C90-3046,"[102, 103]",6/ 7,4/ 9,206/ 210,3/ 5,68/ 177,102/ 213,0
C90-2039,[3],P91-1031,[49],0/ 7,3/ 4,3/ 210,2/ 5,9/ 55,49/ 251,3
C90-2039,"[186, 187, 188]",P91-1031,[62],5/ 7,9/ 23,187/ 210,2/ 5,22/ 55,62/ 251,8
C90-2039,"[39, 40, 78]",E93-1008,[49],1/ 7,34/ 26,52/ 210,2/ 4,29/ 41,49/ 182,8
C90-2039,"[23, 205]",C92-2068,[21],4/ 7,14/ 9,114/ 210,1/ 3,21/ 18,21/ 233,8
C90-2039,[205],P91-1041,[16],6/ 7,4/ 9,205/ 210,1/ 7,16/ 57,16/ 239,3
C90-2039,"[11, 14]",P91-1041,[230],1/ 7,12/ 52,12/ 210,5/ 7,9/ 14,230/ 239,12
C90-2039,"[203, 22, 23, 24]",C94-2143,[56],2/ 7,18/ 52,68/ 210,3/ 6,11/ 81,56/ 215,8
C90-2039,"[22, 23, 24]",C94-2143,[69],1/ 7,23/ 52,23/ 210,3/ 6,24/ 81,69/ 215,8
C90-2039,"[23, 24]",P91-1042,[37],1/ 7,24/ 52,24/ 210,1/ 2,37/ 135,37/ 140,3
C90-2039,"[23, 141, 142]",P91-1042,"[116, 117, 118, 124]",3/ 7,9/ 39,102/ 210,1/ 2,119/ 135,119/ 140,0
C90-2039,[24],W97-1503,[136],1/ 7,24/ 52,24/ 210,1/ 2,136/ 201,136/ 206,8
C94-2154,[67],E95-1024,[113],2/ 5,51/ 66,67/ 117,1/ 2,113/ 150,113/ 153,8
C94-2154,"[67, 68, 69, 70, 83, 84]",C94-2204,"[119, 120, 121, 122, 123, 124]",2/ 5,36/ 21,74/ 117,5/ 6,20/ 22,122/ 124,8
C94-2154,[14],W97-1506,[7],1/ 5,14/ 14,14/ 117,1/ 6,7/ 34,7/ 165,2
C94-2154,"[70, 72, 73]",C96-1076,"[61, 62, 63, 64]",2/ 5,56/ 66,72/ 117,1/ 2,62/ 158,62/ 163,8
C98-1097,[45],C02-1033,[15],2/ 6,1/ 17,45/ 130,1/ 5,15/ 15,15/ 162,8
C98-1097,[115],C02-1033,[136],5/ 6,23/ 38,115/ 130,4/ 5,91/ 117,136/ 162,8
C98-1097,[45],ICDAR99,"[31, 32]",2/ 6,1/ 17,45/ 130,2/ 13,2/ 18,32/ 184,8
C98-1097,[45],P07-1061,[17],2/ 6,1/ 17,45/ 130,1/ 8,17/ 16,17/ 216,8
C98-1097,"[20, 45]",P07-1061,"[30, 31, 32]",2/ 6,10/ 17,32/ 130,2/ 8,10/ 20,31/ 216,8
C98-1097,"[41, 47, 50]",P07-1061,"[89, 90]",2/ 6,17/ 17,46/ 130,4/ 8,6/ 40,90/ 216,8
C98-1097,"[123, 124, 125]",P07-1061,"[97, 98]",5/ 6,32/ 38,124/ 130,4/ 8,14/ 40,98/ 216,8
C98-1097,[45],P07-1061,"[203, 204]",2/ 6,1/ 17,45/ 130,6/ 8,22/ 26,204/ 216,8
C98-1097,[62],P07-1061,[216],3/ 6,1/ 14,62/ 130,7/ 8,8/ 8,216/ 216,8
C98-1097,[45],P04470,[27],2/ 6,1/ 17,45/ 130,2/ 5,4/ 40,27/ 114,8
C98-1097,"[7, 8]",P06128,[10],1/ 6,8/ 39,8/ 130,1/ 2,10/ 185,10/ 191,8
C98-1097,"[36, 37]",S0885,"[109, 110]",1/ 6,36/ 39,36/ 130,3/ 8,28/ 71,110/ 407,8
D09-1023,[17],D09-1086,[78],1/ 9,17/ 27,17/ 263,2/ 8,14/ 41,78/ 294,8
D09-1023,[17],D11-1044,[1],1/ 9,17/ 27,17/ 263,0/ 11,1/ 6,1/ 291,8
D09-1023,[17],D11-1044,[16],1/ 9,17/ 27,17/ 263,1/ 11,16/ 16,16/ 291,11
D09-1023,[17],D11-1044,[23],1/ 9,17/ 27,17/ 263,2/ 11,1/ 2,23/ 291,8
D09-1023,[17],D11-1044,[41],1/ 9,17/ 27,17/ 263,3/ 11,17/ 47,41/ 291,8
D09-1023,[260],D11-1044,[146],7/ 9,2/ 3,260/ 263,5/ 11,6/ 44,146/ 291,8
D09-1023,[204],Pjournal,[79],6/ 9,14/ 68,204/ 263,3/ 9,18/ 120,79/ 878,8
D09-1023,[1],Pjournal,[139],0/ 9,1/ 5,1/ 263,3/ 9,78/ 120,139/ 878,8
D09-1023,[123],Pproc_d09,[205],4/ 9,26/ 42,123/ 263,8/ 10,24/ 26,205/ 226,8
D09-1023,[11],W10-1730-parscit,[17],1/ 9,11/ 27,11/ 263,1/ 8,17/ 19,17/ 103,8
D09-1023,[254],W11-2139,[37],6/ 9,64/ 68,254/ 263,3/ 10,3/ 41,37/ 127,11
D09-1023,[191],N10-1040,[6],6/ 9,1/ 68,191/ 263,1/ 8,6/ 8,6/ 102,8
D10-1058,"[3, 4, 6]",C16-1060,[48],0/ 8,4/ 6,4/ 202,2/ 6,27/ 48,48/ 136,8
D10-1058,"[18, 26, 33, 34]",P13-2002,[24],1/ 8,28/ 42,28/ 202,1/ 6,24/ 23,24/ 107,8
D10-1058,"[6, 46]",P13-2002,[33],0/ 8,26/ 42,26/ 202,2/ 6,4/ 50,33/ 107,8
D10-1058,[86],P13-2002,[43],3/ 8,1/ 19,86/ 202,2/ 6,14/ 50,43/ 107,8
D10-1058,"[88, 90]",P13-2002,[82],3/ 8,4/ 19,89/ 202,3/ 6,3/ 13,82/ 107,8
D10-1058,[110],P13-2002,[99],5/ 8,4/ 48,110/ 202,4/ 6,7/ 8,99/ 107,8
D10-1058,"[113, 114, 115]",P59105ca,[45],5/ 8,8/ 48,114/ 202,1/ 3,45/ 337,45/ 346,8
D10-1058,"[14, 26, 27]",P87-94,[79],1/ 8,22/ 42,22/ 202,6/ 8,2/ 19,79/ 99,8
D10-1058,"[29, 30]",Pbulletin,"[103, 104]",1/ 8,30/ 42,30/ 202,3/ 10,24/ 39,104/ 266,8
D10-1058,"[29, 30, 107, 108]",Pbulletin,[131],3/ 8,16/ 48,68/ 202,4/ 10,13/ 19,131/ 266,8
D10-1058,[3],Pcoling_D10,[232],0/ 8,3/ 6,3/ 202,6/ 9,9/ 19,232/ 255,8
D10-1058,"[3, 46]",Pproc_D10,[24],0/ 8,24/ 42,24/ 202,1/ 6,24/ 23,24/ 112,8
D10-1058,[86],Pproc_D10,[38],3/ 8,1/ 19,86/ 202,2/ 6,9/ 54,38/ 112,8
D10-1058,"[6, 46]",Pproc_D10,[39],0/ 8,26/ 42,26/ 202,2/ 6,10/ 54,39/ 112,8
D10-1058,"[88, 90]",Pproc_D10,[86],3/ 8,4/ 19,89/ 202,3/ 6,3/ 14,86/ 112,8
D10-1058,[110],Pproc_D10,[104],5/ 8,4/ 48,110/ 202,4/ 6,7/ 8,104/ 112,8
D10-1058,"[3, 4, 5, 6]",Q13-1024,[60],0/ 8,4/ 6,4/ 202,3/ 9,3/ 51,60/ 234,8
D10-1058,[46],Q13-1024,[130],1/ 8,46/ 42,46/ 202,4/ 9,22/ 33,130/ 234,8
D10-1083,[99],D11-1056,"[263, 264]",4/ 11,4/ 14,99/ 247,6/ 8,44/ 121,264/ 341,12
D10-1083,[22],D11-1059,"[10, 11]",1/ 11,22/ 25,22/ 247,1/ 9,10/ 29,10/ 212,12
D10-1083,[239],D11-1059,"[16, 17]",9/ 11,100/ 104,239/ 247,1/ 9,16/ 29,16/ 212,8
D10-1083,[52],D11-1059,[32],3/ 11,1/ 44,52/ 247,1/ 9,32/ 29,32/ 212,8
D10-1083,[112],D11-1059,"[90, 91]",5/ 11,3/ 15,112/ 247,2/ 9,58/ 61,90/ 212,8
D10-1083,[6],D11-1059,"[129, 130]",0/ 11,6/ 7,6/ 247,3/ 9,36/ 55,130/ 212,12
D10-1083,[9],D12-1086,[74],1/ 11,9/ 25,9/ 247,2/ 8,33/ 61,74/ 239,12
D10-1083,[52],D12-1125,[213],3/ 11,1/ 44,52/ 247,6/ 9,29/ 30,213/ 283,8
D10-1083,[52],D12-1127,[13],3/ 11,1/ 44,52/ 247,1/ 8,13/ 21,13/ 209,8
D10-1083,[243],D13-1004,[27],9/ 11,104/ 104,243/ 247,1/ 7,27/ 40,27/ 239,8
D10-1083,[243],N12-1045,[14],9/ 11,104/ 104,243/ 247,1/ 9,14/ 18,14/ 280,0
D10-1083,"[27, 85, 97]",P11-1087,"[40, 41, 42, 43]",3/ 11,21/ 14,70/ 247,2/ 6,22/ 28,42/ 184,8
D10-1083,[155],P11-1087,"[152, 153, 154]",9/ 11,16/ 104,155/ 247,4/ 6,34/ 53,153/ 184,12
D10-1083,[236],P13-1150,[55],9/ 11,97/ 104,236/ 247,2/ 8,27/ 27,55/ 209,8
D10-1083,"[20, 21]",W11-0301,[102],1/ 11,20/ 25,20/ 247,3/ 9,55/ 72,102/ 216,8
D10-1083,[236],W12-1914,"[7, 8]",9/ 11,97/ 104,236/ 247,1/ 3,8/ 18,8/ 87,0
D10-1083,[236],W12-1914,"[7, 8]",9/ 11,97/ 104,236/ 247,1/ 3,8/ 18,8/ 87,8
E03-1020,[37],W11-1104,[12],3/ 7,10/ 17,37/ 98,1/ 6,12/ 13,12/ 102,8
E03-1020,"[20, 37]",S13-2038,"[18, 19]",2/ 7,6/ 17,28/ 98,2/ 5,2/ 12,18/ 81,8
E03-1020,[20],P04-1080,"[199, 200, 201]",2/ 7,3/ 10,20/ 98,4/ 6,10/ 11,200/ 209,8
E03-1020,[20],D10-1073,"[35, 36, 37]",2/ 7,3/ 10,20/ 98,2/ 9,17/ 29,36/ 244,8
E03-1020,[37],C04-1194,[21],3/ 7,10/ 17,37/ 98,1/ 9,21/ 18,21/ 172,8
E03-1020,"[2, 3]",C04-1194,[27],0/ 7,2/ 5,2/ 98,2/ 9,5/ 8,27/ 172,8
E03-1020,[93],C04-1194,[157],6/ 7,7/ 12,93/ 98,7/ 9,1/ 10,157/ 172,12
E03-1020,[20],C04-1194,[160],2/ 7,3/ 10,20/ 98,7/ 9,4/ 10,160/ 172,8
E03-1020,[19],C04-1194,[165],2/ 7,2/ 10,19/ 98,7/ 9,9/ 10,165/ 172,8
E03-1020,[37],N07-3010,[73],3/ 7,10/ 17,37/ 98,3/ 5,32/ 34,73/ 87,8
E03-1020,[72],W11-2214,[10],4/ 7,28/ 33,72/ 98,1/ 7,10/ 19,10/ 219,8
E03-1020,[90],W11-2214,[80],6/ 7,4/ 12,90/ 98,3/ 7,10/ 19,80/ 219,3
E03-1020,"[37, 2, 3]",W06-3812,"[176, 178]",1/ 7,5/ 5,14/ 98,4/ 6,51/ 64,177/ 200,8
E09-2008,[5],N13-1140,[161],1/ 8,5/ 13,5/ 62,6/ 9,4/ 19,161/ 183,8
E09-2008,[6],W11-2605,[73],1/ 8,6/ 13,6/ 62,4/ 9,11/ 67,73/ 196,8
E09-2008,[9],W12-1003,[43],1/ 8,9/ 13,9/ 62,3/ 7,15/ 42,43/ 85,8
E09-2008,[48],W12-6202,[124],6/ 8,1/ 5,48/ 62,4/ 7,44/ 82,124/ 196,8
E09-2008,[9],W12-6211,[49],1/ 8,9/ 13,9/ 62,3/ 5,22/ 86,49/ 115,8
E09-2008,[3],W12-6212,[22],0/ 8,3/ 4,3/ 62,1/ 4,22/ 25,22/ 82,8
E09-2008,[3],W12-6212,[80],0/ 8,3/ 4,3/ 62,3/ 4,43/ 45,80/ 82,8
E09-2008,[15],W12-6213,[77],1/ 8,15/ 13,15/ 62,5/ 6,46/ 57,77/ 88,8
H05-1115,[36],P09-1083,[60],2/ 9,1/ 8,36/ 189,3/ 7,6/ 64,60/ 212,0
H05-1115,[56],P09-1083,[85],3/ 9,13/ 20,56/ 189,3/ 7,31/ 64,85/ 212,8
H05-1115,[36],P09-1083,[43],2/ 9,1/ 8,36/ 189,2/ 7,9/ 20,43/ 212,0
H05-1115,[36],N06-1027,[41],2/ 9,1/ 8,36/ 189,2/ 5,7/ 21,41/ 136,0
H05-1115,[36],C08-1062,[83],2/ 9,1/ 8,36/ 189,1/ 2,83/ 123,83/ 123,0
H05-1115,[56],C10-2049,[113],3/ 9,13/ 20,56/ 189,4/ 8,31/ 72,113/ 218,8
H05-1115,[36],D08-1032,"[24, 25]",2/ 9,1/ 8,36/ 189,2/ 3,4/ 186,24/ 207,0
H05-1115,"[36, 40, 41, 46, 47, 48, 49]",D08-1032,[94],3/ 9,4/ 20,44/ 189,2/ 3,73/ 186,94/ 207,8
H05-1115,[36],P08-2003,[11],2/ 9,1/ 8,36/ 189,1/ 7,11/ 12,11/ 76,0
H05-1115,[36],P08-2003,[22],2/ 9,1/ 8,36/ 189,2/ 7,5/ 7,22/ 76,0
H05-1115,[36],P10-2055,"[104, 108]",2/ 9,1/ 8,36/ 189,4/ 7,38/ 50,106/ 123,0
H89-2014,[27],W93-0111,[178],1/ 3,27/ 142,27/ 151,1/ 2,178/ 203,178/ 212,8
H89-2014,"[124, 125]",A92-1018,[47],1/ 3,124/ 142,124/ 151,1/ 3,47/ 223,47/ 246,8
H89-2014,"[87, 88, 89]",A92-1018,[108],1/ 3,88/ 142,88/ 151,1/ 3,108/ 223,108/ 246,8
H89-2014,[1],J93-2006,"[40, 41]",0/ 3,1/ 6,1/ 151,1/ 7,40/ 47,40/ 452,0
H89-2014,"[88, 90]",H91-1046,[21],1/ 3,89/ 142,89/ 151,1/ 3,21/ 126,21/ 132,8
H89-2014,"[29, 30]",H91-1046,[60],1/ 3,30/ 142,30/ 151,1/ 3,60/ 126,60/ 132,8
H89-2014,"[69, 70]",C00-1081,[85],1/ 3,70/ 142,70/ 151,2/ 7,55/ 79,85/ 192,8
H89-2014,[2],H92-1022,[18],0/ 3,2/ 6,2/ 151,1/ 12,18/ 22,18/ 185,3
H89-2014,[145],H92-1022,[9],1/ 3,145/ 142,145/ 151,1/ 12,9/ 22,9/ 185,8
H89-2014,"[29, 30]",C92-1060,[124],1/ 3,30/ 142,30/ 151,4/ 5,19/ 32,124/ 137,8
I05-5011,[204],C08-1107,"[18, 19]",6/ 8,1/ 6,204/ 212,1/ 8,18/ 26,18/ 212,8
I05-5011,"[13, 15, 22]",C10-2017,[12],1/ 8,17/ 17,17/ 212,1/ 6,12/ 36,12/ 215,3
I05-5011,"[13, 15, 22]",C10-2017,[12],1/ 8,17/ 17,17/ 212,1/ 6,12/ 36,12/ 215,8
I05-5011,[22],D12-1094,[70],1/ 8,22/ 17,22/ 212,2/ 8,25/ 30,70/ 351,8
I05-5011,"[22, 40]",E09-1025,[27],2/ 8,19/ 55,31/ 212,2/ 9,1/ 49,27/ 213,8
I05-5011,"[40, 41]",I08-1070,[53],2/ 8,16/ 55,40/ 212,2/ 9,24/ 35,53/ 218,8
I05-5011,"[110, 167]",J10-3003,[429],4/ 8,22/ 20,138/ 212,3/ 8,302/ 500,429/ 776,8
I05-5011,"[29, 30]",P06-2094,[65],2/ 8,6/ 55,30/ 212,3/ 9,24/ 64,65/ 198,8
I05-5011,[38],P07-1058,[49],2/ 8,14/ 55,38/ 212,2/ 9,13/ 42,49/ 207,8
I05-5011,[38],P07-1058,[57],2/ 8,14/ 55,38/ 212,2/ 9,21/ 42,57/ 207,8
I05-5011,"[18, 20]",P07-1058,[67],1/ 8,19/ 17,19/ 212,2/ 9,31/ 42,67/ 207,3
I05-5011,"[22, 23]",P09-2063,[11],1/ 8,22/ 17,22/ 212,1/ 7,11/ 24,11/ 130,0
I05-5011,"[22, 23]",P09-2063,[11],1/ 8,22/ 17,22/ 212,1/ 7,11/ 24,11/ 130,8
I05-5011,[197],P11-1109,[218],5/ 8,24/ 30,197/ 212,4/ 7,82/ 115,218/ 272,3
I05-5011,[164],P12-2031,[9],4/ 8,11/ 20,164/ 212,1/ 7,9/ 32,9/ 118,3
I05-5011,[18],P12-2031,[20],1/ 8,18/ 17,18/ 212,1/ 7,20/ 32,20/ 118,3
I05-5011,"[62, 65]",P13-1131,[134],2/ 8,40/ 55,64/ 212,4/ 8,15/ 35,134/ 217,8
I05-5011,"[32, 33]",W12-4006,"[14, 15]",2/ 8,8/ 55,32/ 212,1/ 8,14/ 26,14/ 186,8
I05-5011,"[22, 23]",W12-4006,[41],1/ 8,22/ 17,22/ 212,2/ 8,11/ 29,41/ 186,8
J00-3003,"[214, 358, 392, 394]",W13-4047,"[13, 14]",4/ 11,94/ 140,340/ 585,2/ 7,2/ 28,14/ 115,8
J00-3003,"[68, 71]",W12-1634,[12],1/ 11,70/ 60,70/ 585,1/ 9,12/ 35,12/ 249,0
J00-3003,"[188, 192]",W12-1634,[18],3/ 11,13/ 54,190/ 585,1/ 9,18/ 35,18/ 249,8
J00-3003,"[64, 68]",W10-1012,[185],1/ 11,66/ 60,66/ 585,6/ 9,6/ 19,185/ 211,0
J00-3003,"[155, 156]",W13-4011,"[1, 2]",2/ 11,76/ 97,156/ 585,1/ 7,2/ 15,2/ 81,8
J00-3003,[38],W01-1627,[18],1/ 11,38/ 60,38/ 585,2/ 8,2/ 13,18/ 104,8
J00-3003,"[21, 22, 27]",N13-1099,"[17, 18]",1/ 11,23/ 60,23/ 585,2/ 8,2/ 8,18/ 136,8
J00-3003,"[64, 67, 81]",H01-1001,"[95, 96]",1/ 11,44/ 97,71/ 585,3/ 7,14/ 53,96/ 177,0
J00-3003,"[66, 214, 215]",N06-2021,"[64, 65, 66]",2/ 11,47/ 54,165/ 585,3/ 7,19/ 31,65/ 139,0
J00-3003,"[32, 33]",W12-1616,[6],1/ 11,32/ 60,32/ 585,1/ 10,6/ 23,6/ 203,8
J96-3004,"[89, 90, 91]",A00-2032,"[141, 142]",3/ 9,28/ 74,90/ 477,5/ 8,10/ 19,142/ 156,8
J96-3004,"[297, 298]",C00-2095,[80],5/ 9,6/ 106,298/ 477,2/ 4,25/ 37,80/ 163,3
J96-3004,"[108, 109, 112]",C02-1049,[58],3/ 9,48/ 74,110/ 477,6/ 8,39/ 186,58/ 214,8
J96-3004,"[92, 93]",C02-1049,"[124, 127]",3/ 9,30/ 74,92/ 477,6/ 8,106/ 186,126/ 214,8
J96-3004,[51],C02-1080,"[20, 21]",2/ 9,12/ 23,51/ 477,1/ 7,20/ 29,20/ 222,8
J96-3004,[108],C02-1143,[107],3/ 9,46/ 74,108/ 477,3/ 6,48/ 59,107/ 131,8
J96-3004,"[297, 325]",E09-1063,[107],5/ 9,20/ 106,311/ 477,5/ 10,4/ 20,107/ 221,3
J96-3004,"[297, 325]",E09-1063,[107],5/ 9,20/ 106,311/ 477,5/ 10,4/ 20,107/ 221,12
J96-3004,"[2, 33]",I05-3031,"[6, 7]",1/ 9,18/ 39,18/ 477,1/ 6,6/ 9,6/ 110,8
J96-3004,"[297, 325]",J00-3004,[42],5/ 9,20/ 106,311/ 477,1/ 9,42/ 49,42/ 409,12
J96-3004,[399],J00-3004,"[96, 97]",6/ 9,2/ 57,399/ 477,2/ 9,42/ 44,96/ 409,8
J96-3004,[89],J04-1004,[53],3/ 9,27/ 74,89/ 477,1/ 8,53/ 74,53/ 421,12
J96-3004,[108],J04-1004,[113],3/ 9,46/ 74,108/ 477,3/ 8,9/ 75,113/ 421,8
J96-3004,[133],J04-1004,[211],3/ 9,71/ 74,133/ 477,4/ 8,32/ 135,211/ 421,3
J96-3004,[297],J04-1004,[321],5/ 9,6/ 106,297/ 477,5/ 8,7/ 92,321/ 421,3
J96-3004,[398],J05-4005,"[88, 89]",6/ 9,1/ 57,398/ 477,2/ 11,24/ 77,88/ 925,8
J96-3004,[325],J05-4005,"[125, 126]",5/ 9,34/ 106,325/ 477,2/ 11,62/ 77,126/ 925,12
J96-3004,[325],J05-4005,"[131, 132]",5/ 9,34/ 106,325/ 477,2/ 11,68/ 77,132/ 925,12
J96-3004,[399],J05-4005,"[489, 490]",6/ 9,2/ 57,399/ 477,5/ 11,154/ 317,490/ 925,8
J96-3004,[325],J11-1005,[123],5/ 9,34/ 106,325/ 477,3/ 10,14/ 294,123/ 1113,12
J96-3004,"[296, 297]",J11-3001,[326],5/ 9,6/ 106,296/ 477,3/ 7,279/ 376,326/ 598,3
J96-3004,"[21, 33]",J97-4004,[9],1/ 9,27/ 39,27/ 477,1/ 10,9/ 31,9/ 650,8
J96-3004,[138],J97-4004,"[612, 613]",4/ 9,2/ 155,138/ 477,7/ 10,54/ 71,612/ 650,8
J96-3004,[108],J97-4004,"[621, 622]",3/ 9,46/ 74,108/ 477,7/ 10,64/ 71,622/ 650,8
J96-3004,[138],N10-1068,[6],4/ 9,2/ 155,138/ 477,1/ 8,6/ 22,6/ 228,8
J96-3004,[138],P03-1035,"[41, 42]",4/ 9,2/ 155,138/ 477,2/ 9,18/ 22,42/ 262,8
J96-3004,"[419, 420]",P03-1035,[122],6/ 9,22/ 57,420/ 477,5/ 9,27/ 68,122/ 262,8
J96-3004,[281],P03-1035,"[154, 155]",4/ 9,145/ 155,281/ 477,5/ 9,60/ 68,154/ 262,8
J96-3004,"[283, 284]",P06-1010,"[42, 43]",4/ 9,148/ 155,284/ 477,3/ 4,10/ 165,42/ 197,8
J96-3004,[88],P06-1126,[7],3/ 9,26/ 74,88/ 477,1/ 10,7/ 34,7/ 260,0
J96-3004,"[283, 284]",P07-1015,[113],4/ 9,148/ 155,284/ 477,4/ 7,21/ 28,113/ 205,8
J96-3004,[284],P07-1016,[70],4/ 9,148/ 155,284/ 477,3/ 7,42/ 57,70/ 265,8
J96-3004,[54],P12-1110,[105],2/ 9,15/ 23,54/ 477,3/ 4,53/ 184,105/ 236,8
J96-3004,"[108, 109]",P12-1111,[91],3/ 9,46/ 74,108/ 477,3/ 7,31/ 59,91/ 249,8
J96-3004,"[87, 88]",P97-1041,[12],3/ 9,26/ 74,88/ 477,1/ 5,12/ 30,12/ 183,8
J96-3004,"[419, 420]",P98-1076,"[144, 145]",6/ 9,22/ 57,420/ 477,6/ 9,12/ 14,144/ 171,3
J96-3004,[419],P98-1076,"[149, 150]",6/ 9,22/ 57,419/ 477,7/ 9,2/ 21,150/ 171,8
J96-3004,[356],P99-1036,"[5, 6]",5/ 9,65/ 106,356/ 477,1/ 7,6/ 14,6/ 222,12
J96-3004,"[415, 416, 417]",P99-1036,[8],6/ 9,19/ 57,416/ 477,1/ 7,8/ 14,8/ 222,3
J96-3004,"[398, 399]",P99-1036,[10],6/ 9,2/ 57,398/ 477,1/ 7,10/ 14,10/ 222,8
J96-3004,[128],P99-1036,[178],3/ 9,66/ 74,128/ 477,4/ 7,108/ 135,178/ 222,8
J96-3004,[116],W00-0803,[29],3/ 9,54/ 74,116/ 477,1/ 7,29/ 62,29/ 201,8
J96-3004,"[415, 417]",W00-1207,[10],6/ 9,19/ 57,416/ 477,1/ 5,10/ 18,10/ 153,3
J96-3004,"[20, 33]",W01-0513,"[40, 41]",1/ 9,26/ 39,26/ 477,2/ 5,12/ 29,40/ 222,3
J96-3004,"[108, 109]",W02-1117,[13],3/ 9,46/ 74,108/ 477,1/ 8,13/ 13,13/ 63,8
J96-3004,"[65, 168, 169, 170]",W02-1808,[5],4/ 9,26/ 155,143/ 477,1/ 7,5/ 5,5/ 26,8
J96-3004,[325],W03-1025,[17],5/ 9,34/ 106,325/ 477,1/ 8,17/ 24,17/ 206,12
J96-3004,"[0, 325]",W03-1025,[180],3/ 9,18/ 106,163/ 477,5/ 8,4/ 21,180/ 206,12
J96-3004,"[138, 149, 150]",W03-1025,"[186, 187]",4/ 9,10/ 155,146/ 477,5/ 8,10/ 21,186/ 206,8
J96-3004,[65],W03-1728,[3],3/ 9,3/ 74,65/ 477,1/ 5,3/ 21,3/ 86,8
J96-3004,[419],W05-0709,[83],6/ 9,22/ 57,419/ 477,3/ 9,9/ 28,83/ 257,8
J96-3004,[284],W06-1630,[118],4/ 9,148/ 155,284/ 477,4/ 5,13/ 72,118/ 177,8
J96-3004,[305],W10-3212,[16],5/ 9,14/ 106,305/ 477,2/ 6,2/ 20,16/ 140,8
J96-3004,[325],W10-3708,[16],5/ 9,34/ 106,325/ 477,1/ 8,16/ 30,16/ 217,12
J96-3004,"[92, 93, 103]",W11-0823,[174],3/ 9,34/ 74,96/ 477,9/ 10,7/ 64,174/ 231,8
J96-3004,[325],W12-1011,[41],5/ 9,34/ 106,325/ 477,3/ 8,5/ 61,41/ 237,12
J96-3004,[325],W12-1011,[204],5/ 9,34/ 106,325/ 477,6/ 8,9/ 40,204/ 237,12
J96-3004,[158],W12-2303,"[11, 12]",4/ 9,22/ 155,158/ 477,1/ 7,12/ 24,12/ 183,8
J96-3004,"[398, 399]",W12-2303,"[155, 156, 157]",6/ 9,2/ 57,398/ 477,4/ 7,31/ 40,156/ 183,3
J96-3004,"[67, 68, 69]",W97-0120,[26],3/ 9,6/ 74,68/ 477,1/ 7,26/ 28,26/ 288,8
J96-3004,"[108, 109]",W97-0120,[69],3/ 9,46/ 74,108/ 477,3/ 7,5/ 24,69/ 288,8
J96-3004,"[190, 191]",W97-0120,[73],4/ 9,54/ 155,190/ 477,3/ 7,9/ 24,73/ 288,8
J96-3004,"[108, 109]",W97-0120,[86],3/ 9,46/ 74,108/ 477,3/ 7,22/ 24,86/ 288,8
J96-3004,"[142, 143, 356]",W97-0120,[121],4/ 9,26/ 106,214/ 477,5/ 7,15/ 117,121/ 288,8
J96-3004,"[142, 143, 356]",W97-0120,[121],4/ 9,26/ 106,214/ 477,5/ 7,15/ 117,121/ 288,12
J96-3004,[65],W97-0316,"[10, 11]",3/ 9,3/ 74,65/ 477,1/ 8,10/ 12,10/ 161,8
J98-2005,[17],J01-2004,[72],1/ 4,17/ 32,17/ 104,2/ 8,37/ 63,72/ 467,0
J98-2005,[45],N03-1027,[56],2/ 4,9/ 37,45/ 104,2/ 6,19/ 33,56/ 212,8
J98-2005,[17],P01-1017,[79],1/ 4,17/ 32,17/ 104,3/ 6,32/ 34,79/ 184,0
J98-2005,"[16, 17]",P13-1102,[23],1/ 4,16/ 32,16/ 104,1/ 11,23/ 29,23/ 229,0
N01-1011,"[84, 101, 161]",W02-0812,"[131, 132, 133]",6/ 13,2/ 10,115/ 194,6/ 7,34/ 52,132/ 150,8
N01-1011,"[18, 19, 61]",W04-0813,[43],1/ 13,24/ 36,33/ 194,2/ 3,23/ 110,43/ 130,8
N01-1011,[189],W02-1011,[136],11/ 13,1/ 2,189/ 194,6/ 9,45/ 60,136/ 183,12
N01-1011,[189],N03-3004,[49],11/ 13,1/ 2,189/ 194,3/ 11,9/ 22,49/ 170,12
N01-1011,"[40, 42]",J02-2003,[148],2/ 13,15/ 36,41/ 194,4/ 10,54/ 55,148/ 355,3
N01-1011,"[18, 29, 37]",W08-0611,[103],2/ 13,11/ 36,28/ 194,3/ 6,17/ 47,103/ 186,8
N04-1038,[8],E12-1054,[7],1/ 8,8/ 24,8/ 257,1/ 9,7/ 21,7/ 228,0
N04-1038,"[18, 19, 201]",H05-1003,"[35, 36]",3/ 8,59/ 195,79/ 257,2/ 9,12/ 12,36/ 200,8
N04-1038,[68],N13-1104,[109],7/ 8,6/ 195,68/ 257,4/ 8,5/ 16,109/ 262,8
N04-1038,"[18, 19, 20]",N13-1110,"[207, 208, 209]",1/ 8,19/ 24,19/ 257,6/ 9,11/ 19,208/ 236,8
N04-1038,[158],P05-1020,[202],7/ 8,96/ 195,158/ 257,5/ 7,71/ 89,202/ 221,8
N04-1038,"[49, 63]",P06-1005,[124],4/ 8,10/ 195,56/ 257,4/ 8,9/ 70,124/ 240,8
N04-1038,[2],P06-1005,"[177, 178, 179]",0/ 8,2/ 5,2/ 257,4/ 8,63/ 70,178/ 240,8
N04-1038,"[1, 8, 70, 76, 77, 137]",P07-1067,"[46, 47, 48, 49]",5/ 8,20/ 195,62/ 257,2/ 7,10/ 28,48/ 227,0
N04-1038,"[1, 8, 70, 76, 77, 137]",P07-1067,"[46, 47, 48, 49]",5/ 8,20/ 195,62/ 257,2/ 7,10/ 28,48/ 227,8
N04-1038,[9],P07-1068,[11],1/ 8,9/ 24,9/ 257,1/ 6,11/ 29,11/ 208,3
N04-1038,"[68, 87]",P08-1090,"[35, 38]",7/ 8,16/ 195,78/ 257,2/ 8,6/ 23,36/ 265,8
N04-1038,[68],P09-1068,[17],7/ 8,6/ 195,68/ 257,1/ 9,17/ 16,17/ 265,8
N04-1038,[8],P09-1074,[223],1/ 8,8/ 24,8/ 257,3/ 7,160/ 172,223/ 327,0
N04-1038,[158],P10-1142,[72],7/ 8,96/ 195,158/ 257,3/ 8,42/ 123,72/ 263,8
N04-1038,[2],P11-1082,[129],0/ 8,2/ 5,2/ 257,3/ 7,39/ 88,129/ 229,8
N04-1038,[68],P13-1121,[63],7/ 8,6/ 195,68/ 257,3/ 7,13/ 38,63/ 204,8
N04-1038,"[0, 3, 201]",P13-2015,"[46, 47]",2/ 8,48/ 195,68/ 257,2/ 7,28/ 30,46/ 176,8
N04-1038,[2],W05-0612,[33],0/ 8,2/ 5,2/ 257,2/ 7,13/ 20,33/ 247,8
N04-1038,"[2, 3]",W06-0106,[181],0/ 8,2/ 5,2/ 257,7/ 9,10/ 20,181/ 199,8
N04-1038,[8],W06-0206,[10],1/ 8,8/ 24,8/ 257,1/ 9,10/ 23,10/ 194,0
N04-1038,"[100, 101]",W10-3909,"[22, 23]",7/ 8,38/ 195,100/ 257,1/ 7,22/ 25,22/ 197,8
N04-1038,"[100, 101]",W10-3909,"[22, 23]",7/ 8,38/ 195,100/ 257,1/ 7,22/ 25,22/ 197,3
N04-1038,[8],W10-3909,"[36, 37, 38]",1/ 8,8/ 24,8/ 257,2/ 7,4/ 20,37/ 197,0
N04-1038,"[64, 151, 156, 222, 223]",W10-3909,"[50, 51]",7/ 8,101/ 195,163/ 257,2/ 7,18/ 20,50/ 197,8
N04-1038,"[64, 151, 156, 222, 223]",W10-3909,"[50, 51]",7/ 8,101/ 195,163/ 257,2/ 7,18/ 20,50/ 197,12
N06-2049,"[25, 104]",D13-1031,"[273, 274]",2/ 7,18/ 60,64/ 155,3/ 7,110/ 124,274/ 365,8
N06-2049,"[25, 104]",D13-1031,"[273, 274]",2/ 7,18/ 60,64/ 155,3/ 7,110/ 124,274/ 365,12
N06-2049,[3],I08-4009,[19],0/ 7,3/ 4,3/ 155,1/ 7,19/ 26,19/ 166,3
N06-2049,"[58, 59]",I08-4009,[20],2/ 7,36/ 49,58/ 155,1/ 7,20/ 26,20/ 166,8
N06-2049,[104],I08-4015,[36],3/ 7,33/ 60,104/ 155,2/ 5,22/ 52,36/ 90,12
N06-2049,"[66, 67]",I08-4030,[13],2/ 7,44/ 49,66/ 155,1/ 8,13/ 8,13/ 88,12
N06-2049,"[66, 67, 104, 105]",I08-4030,[51],2/ 7,39/ 60,86/ 155,4/ 8,7/ 10,51/ 88,8
N06-2049,"[66, 67, 104, 105]",I08-4030,[51],2/ 7,39/ 60,86/ 155,4/ 8,7/ 10,51/ 88,12
N06-2049,[8],J11-1005,[277],1/ 7,8/ 18,8/ 155,3/ 10,168/ 294,277/ 1113,8
N06-2049,[25],N09-1007,[134],2/ 7,3/ 49,25/ 155,4/ 7,17/ 62,134/ 200,8
N06-2049,[8],P07-1106,"[93, 94]",1/ 7,8/ 18,8/ 155,5/ 9,10/ 16,94/ 190,8
N06-2049,[8],P07-1106,"[172, 173]",1/ 7,8/ 18,8/ 155,6/ 9,72/ 79,172/ 190,8
N06-2049,[25],P12-1027,"[188, 189]",2/ 7,3/ 49,25/ 155,5/ 8,42/ 46,188/ 204,8
N06-2049,[8],W06-0118,[14],1/ 7,8/ 18,8/ 155,2/ 6,2/ 49,14/ 97,8
N06-2049,"[8, 153, 72]",W06-0118,[24],3/ 7,4/ 60,78/ 155,2/ 6,12/ 49,24/ 97,8
N06-2049,"[151, 72]",W08-0335,"[55, 56]",4/ 7,1/ 60,112/ 155,2/ 7,22/ 26,56/ 247,8
N06-2049,"[78, 79]",W08-0335,[160],3/ 7,8/ 60,78/ 155,4/ 7,19/ 80,160/ 247,8
N06-2049,[8],W10-4128,[11],1/ 7,8/ 18,8/ 155,1/ 5,11/ 8,11/ 189,8
N06-2049,"[1, 2]",W10-4135,[11],0/ 7,2/ 4,2/ 155,1/ 7,11/ 10,11/ 103,8
N06-2049,"[1, 2]",W10-4135,[11],0/ 7,2/ 4,2/ 155,1/ 7,11/ 10,11/ 103,12
N06-2049,[8],W10-4135,[25],1/ 7,8/ 18,8/ 155,2/ 7,11/ 32,25/ 103,8
N06-2049,"[8, 9]",W10-4135,[30],1/ 7,8/ 18,8/ 155,2/ 7,16/ 32,30/ 103,8
N06-2049,"[38, 39]",W10-4138,"[21, 22, 23]",2/ 7,16/ 49,38/ 155,2/ 7,15/ 21,22/ 52,3
N09-1001,"[126, 127, 133, 207]",N09_csl2013,"[146, 147]",5/ 8,33/ 68,148/ 226,3/ 7,86/ 120,146/ 210,12
N09-1001,"[58, 59, 60]",N09_qwn,[22],3/ 8,12/ 40,59/ 226,1/ 5,22/ 19,22/ 175,9
N09-1001,[20],N09_qwn,[22],1/ 8,20/ 20,20/ 226,1/ 5,22/ 19,22/ 175,8
N09-1001,[4],N09prod,[35],0/ 8,4/ 6,4/ 226,2/ 7,5/ 10,35/ 171,8
N09-1001,[4],N09prod,[121],0/ 8,4/ 6,4/ 226,4/ 7,25/ 47,121/ 171,1
N09-1001,[1],N15-1071,[147],0/ 8,1/ 6,1/ 226,6/ 7,36/ 47,147/ 158,8
N09-1001,"[104, 105, 106]",P101167,[146],4/ 8,18/ 41,105/ 226,2/ 9,96/ 102,146/ 496,8
N09-1001,"[72, 73, 74, 75]",P1018,[10],3/ 8,26/ 40,74/ 226,1/ 9,10/ 34,10/ 196,9
N09-1001,"[4, 207]",P1018,[180],4/ 8,26/ 68,106/ 226,6/ 9,2/ 8,180/ 196,8
N09-1001,"[4, 207]",P1018,[180],4/ 8,26/ 68,106/ 226,6/ 9,2/ 8,180/ 196,12
N09-1001,[65],PEAAI_n09,[70],3/ 8,18/ 40,65/ 226,2/ 7,30/ 56,70/ 280,8
N09-1001,[20],Pproc2014_n09,[33],1/ 8,20/ 20,20/ 226,2/ 12,4/ 21,33/ 449,8
N09-1001,[20],Pproc2014_n09,[70],1/ 8,20/ 20,20/ 226,5/ 12,16/ 42,70/ 449,8
N09-1001,[1],W11-0311,[231],0/ 8,1/ 6,1/ 226,4/ 7,1/ 12,231/ 252,8
N09-1025,[23],C10-2052,[22],2/ 8,9/ 13,23/ 213,1/ 8,22/ 19,22/ 312,8
N09-1025,[9],D11-1081,[6],1/ 8,9/ 11,9/ 213,1/ 8,6/ 30,6/ 257,8
N09-1025,[23],D11-1081,[9],2/ 8,9/ 13,23/ 213,1/ 8,9/ 30,9/ 257,8
N09-1025,[51],D11-1081,[25],3/ 8,24/ 41,51/ 213,1/ 8,25/ 30,25/ 257,8
N09-1025,"[32, 33]",D11-1081,[159],3/ 8,6/ 41,32/ 213,6/ 8,11/ 107,159/ 257,8
N09-1025,[29],D11-1081,[239],3/ 8,2/ 41,29/ 213,6/ 8,91/ 107,239/ 257,8
N09-1025,[51],D11-1125,[13],3/ 8,24/ 41,51/ 213,1/ 12,13/ 19,13/ 267,8
N09-1025,[14],D11-1125,"[77, 78, 79]",1/ 8,14/ 11,14/ 213,4/ 12,3/ 30,78/ 267,8
N09-1025,[9],D11-1125,"[207, 208, 209]",1/ 8,9/ 11,9/ 213,9/ 12,56/ 59,208/ 267,8
N09-1025,[9],D11-1125,"[210, 211]",1/ 8,9/ 11,9/ 213,9/ 12,58/ 59,210/ 267,8
N09-1025,[14],D11-1125,"[227, 228, 229]",1/ 8,14/ 11,14/ 213,10/ 12,17/ 54,228/ 267,8
N09-1025,[51],N12-1006,"[102, 103]",3/ 8,24/ 41,51/ 213,4/ 9,8/ 21,102/ 277,8
N09-1025,[14],P12-1001,[147],1/ 8,14/ 11,14/ 213,3/ 8,64/ 65,147/ 254,8
N09-1025,[51],P13-1110,[36],3/ 8,24/ 41,51/ 213,2/ 11,16/ 26,36/ 196,8
N09-1025,[14],P13-1110,[102],1/ 8,14/ 11,14/ 213,3/ 11,56/ 60,102/ 196,8
N09-1025,[65],P13-1110,[115],3/ 8,38/ 41,65/ 213,4/ 11,9/ 31,115/ 196,8
N09-1025,[23],P13-1110,[120],2/ 8,9/ 13,23/ 213,4/ 11,14/ 31,120/ 196,8
N09-1025,[29],P28_n09,[51],3/ 8,2/ 41,29/ 213,2/ 5,23/ 25,51/ 102,8
N09-1025,[9],P134_n09,"[27, 28]",1/ 8,9/ 11,9/ 213,1/ 7,28/ 126,28/ 222,8
N09-1025,[9],Pmert_n09,[15],1/ 8,9/ 11,9/ 213,1/ 10,15/ 27,15/ 285,8
N09-1025,[9],Pmert_n09,[16],1/ 8,9/ 11,9/ 213,1/ 10,16/ 27,16/ 285,8
N09-1025,[51],PMTS_n09,[218],3/ 8,24/ 41,51/ 213,5/ 8,109/ 137,218/ 257,8
N09-1025,[65],PMTS_n09,[245],3/ 8,38/ 41,65/ 213,5/ 8,136/ 137,245/ 257,8
N09-1025,[51],PMTS_n09,[252],3/ 8,24/ 41,51/ 213,6/ 8,6/ 8,252/ 257,8
N09-1025,[29],PSMPT_n09,"[73, 74]",3/ 8,2/ 41,29/ 213,3/ 10,6/ 16,74/ 240,8
N09-1025,[51],PTASL_n09,[79],3/ 8,24/ 41,51/ 213,1/ 2,79/ 363,79/ 370,8
N09-1025,[29],PTASL_n09,[86],3/ 8,2/ 41,29/ 213,1/ 2,86/ 363,86/ 370,8
N09-1025,[23],W10-1757,[48],2/ 8,9/ 13,23/ 213,3/ 8,25/ 94,48/ 237,8
N09-1025,"[32, 33]",W10-1757,[209],3/ 8,6/ 41,32/ 213,6/ 8,25/ 51,209/ 237,8
N09-1025,[9],W10-1761,"[53, 54]",1/ 8,9/ 11,9/ 213,2/ 10,30/ 44,54/ 208,8
N09-1025,[23],W10-1761,[92],2/ 8,9/ 13,23/ 213,3/ 10,25/ 31,92/ 208,8
N09-1025,"[32, 33]",W10-1761,[97],3/ 8,6/ 41,32/ 213,3/ 10,30/ 31,97/ 208,8
P00-1025,[29],J06-1004,[104],2/ 7,12/ 43,29/ 226,2/ 10,39/ 79,104/ 608,4
P00-1025,[123],P55-62_p00,[52],5/ 7,50/ 132,123/ 226,1/ 20,52/ 65,52/ 381,4
P00-1025,[203],P9852_p00,"[200, 201]",5/ 7,130/ 132,203/ 226,5/ 8,44/ 74,200/ 251,4
P00-1025,[62],PE2006_p00,[104],3/ 7,2/ 12,62/ 226,2/ 10,39/ 79,104/ 608,4
P00-1025,[119],Plex_p00,[31],5/ 7,46/ 132,119/ 226,1/ 7,31/ 81,31/ 341,10
P00-1025,[16],Plex_p00,[32],1/ 7,16/ 13,16/ 226,1/ 7,32/ 81,32/ 341,4
P00-1025,[96],Pmorph_p00,[67],5/ 7,23/ 132,96/ 226,4/ 6,1/ 132,67/ 219,4
P00-1025,[131],Pstat_p00,[86],5/ 7,58/ 132,131/ 226,4/ 6,59/ 84,86/ 124,4
P00-1025,[202],W02-0503-parscit130908,[17],5/ 7,129/ 132,202/ 226,1/ 8,17/ 25,17/ 229,4
P00-1025,[123],W07-0802-parscit130908,[134],5/ 7,50/ 132,123/ 226,4/ 8,1/ 13,134/ 158,4
P00-1025,[50],W08-0703,[15],2/ 7,33/ 43,50/ 226,1/ 5,15/ 56,15/ 159,4
P00-1025,[205],W09-0802,[207],5/ 7,132/ 132,205/ 226,4/ 6,74/ 117,207/ 261,4
P05-1004,[2],C10-2101,[74],0/ 12,2/ 5,2/ 234,2/ 6,44/ 58,74/ 268,8
P05-1004,[147],J07-4005,[229],7/ 12,1/ 24,147/ 234,3/ 10,72/ 75,229/ 702,8
P05-1004,[13],J09-3004,[446],1/ 12,13/ 21,13/ 234,8/ 9,30/ 33,446/ 449,8
P05-1004,[147],N06-1017,[26],7/ 12,1/ 24,147/ 234,1/ 9,26/ 31,26/ 189,8
P05-1004,[228],N06-1017,[189],10/ 12,4/ 8,228/ 234,8/ 9,11/ 11,189/ 189,8
P05-1004,[231],N07-1024,[83],10/ 12,7/ 8,231/ 234,3/ 7,3/ 25,83/ 201,8
P05-1004,[20],P12-2050,[15],1/ 12,20/ 21,20/ 234,1/ 6,15/ 28,15/ 85,8
P05-1004,[65],S07-1032,[16],3/ 12,18/ 20,65/ 234,1/ 5,16/ 20,16/ 83,8
P05-1004,[65],S10-1090,[16],3/ 12,18/ 20,65/ 234,1/ 7,16/ 24,16/ 145,8
P05-1004,[87],S12-1011,[6],6/ 12,1/ 60,87/ 234,1/ 6,6/ 11,6/ 119,8
P05-1004,[20],S12-1011,[50],1/ 12,20/ 21,20/ 234,4/ 6,2/ 61,50/ 119,8
P05-1004,[65],S12-1023,[234],3/ 12,18/ 20,65/ 234,6/ 9,15/ 21,234/ 253,8
P05-1004,[20],W06-1670,[94],1/ 12,20/ 21,20/ 234,3/ 7,12/ 23,94/ 261,8
P05-1053,[193],C08-1088,[15],6/ 7,75/ 100,193/ 218,1/ 8,15/ 30,15/ 196,12
P05-1053,"[51, 52]",C08-1088,[180],3/ 7,8/ 13,52/ 218,5/ 8,28/ 35,180/ 196,3
P05-1053,[17],C10-1018,[42],1/ 7,17/ 23,17/ 218,2/ 8,5/ 18,42/ 217,8
P05-1053,[40],C10-1018,[45],2/ 7,11/ 15,40/ 218,2/ 8,8/ 18,45/ 217,8
P05-1053,"[17, 20]",D07-1076,[14],1/ 7,18/ 23,18/ 218,1/ 6,14/ 27,14/ 195,8
P05-1053,"[196, 197]",D07-1076,[14],6/ 7,78/ 100,196/ 218,1/ 6,14/ 27,14/ 195,3
P05-1053,"[51, 52]",D07-1076,[161],3/ 7,8/ 13,52/ 218,4/ 6,24/ 56,161/ 195,3
P05-1053,[34],D07-1076,"[166, 167]",2/ 7,5/ 15,34/ 218,4/ 6,30/ 56,166/ 195,8
P05-1053,[33],D07-1076,"[176, 177]",2/ 7,4/ 15,33/ 218,4/ 6,40/ 56,176/ 195,12
P05-1053,"[60, 17]",D09-1149,[53],2/ 7,10/ 23,38/ 218,3/ 8,5/ 14,53/ 194,8
P05-1053,"[121, 122]",D09-1149,[81],6/ 7,4/ 100,122/ 218,4/ 8,19/ 41,81/ 194,3
P05-1053,[40],D12-1074,[100],2/ 7,11/ 15,40/ 218,3/ 8,36/ 69,100/ 226,12
P05-1053,[17],E06-2012,[59],1/ 7,17/ 23,17/ 218,3/ 7,29/ 43,59/ 102,8
P05-1053,"[17, 20]",E12-1020,"[54, 55]",1/ 7,18/ 23,18/ 218,2/ 9,34/ 55,54/ 288,8
P05-1053,"[17, 20]",E12-1020,"[54, 55]",1/ 7,18/ 23,18/ 218,2/ 9,34/ 55,54/ 288,12
P05-1053,"[37, 40]",E12-1020,[109],2/ 7,10/ 15,38/ 218,3/ 9,34/ 88,109/ 288,8
P05-1053,[17],E12-1020,"[224, 225]",1/ 7,17/ 23,17/ 218,5/ 9,4/ 45,224/ 288,8
P05-1053,[17],I08-1004,[10],1/ 7,17/ 23,17/ 218,1/ 7,10/ 21,10/ 126,8
P05-1053,[193],N06-1037,[9],6/ 7,75/ 100,193/ 218,1/ 6,9/ 20,9/ 198,3
P05-1053,[17],N06-1037,"[31, 32]",1/ 7,17/ 23,17/ 218,2/ 6,8/ 42,32/ 198,8
P05-1053,"[34, 40]",N06-1037,"[35, 36]",2/ 7,8/ 15,37/ 218,2/ 6,12/ 42,36/ 198,12
P05-1053,[193],N06-1037,"[38, 39]",6/ 7,75/ 100,193/ 218,2/ 6,14/ 42,38/ 198,8
P05-1053,"[34, 40]",N06-1037,"[135, 136]",2/ 7,8/ 15,37/ 218,4/ 6,6/ 57,136/ 198,8
P05-1053,[110],N06-1037,[137],5/ 7,3/ 11,110/ 218,4/ 6,8/ 57,137/ 198,8
P05-1053,[34],N07-1015,[12],2/ 7,5/ 15,34/ 218,1/ 8,12/ 26,12/ 243,8
P05-1053,[40],N07-1015,"[33, 34]",2/ 7,11/ 15,40/ 218,2/ 8,2/ 17,34/ 243,8
P05-1053,"[67, 68]",N07-1015,"[122, 123, 124]",4/ 7,10/ 50,68/ 218,4/ 8,70/ 105,123/ 243,8
P05-1053,[93],N07-1015,"[130, 131, 132]",4/ 7,36/ 50,93/ 218,4/ 8,78/ 105,131/ 243,8
P05-1053,[20],N09-3012,[7],1/ 7,20/ 23,20/ 218,1/ 4,7/ 25,7/ 126,12
P05-1053,[51],N13-1093,"[107, 108]",3/ 7,7/ 13,51/ 218,3/ 6,12/ 54,108/ 167,8
P05-1053,[53],N13-1093,"[112, 113]",3/ 7,9/ 13,53/ 218,3/ 6,16/ 54,112/ 167,8
P05-1053,[121],P06-1016,[13],6/ 7,3/ 100,121/ 218,1/ 6,13/ 21,13/ 200,3
P05-1053,"[53, 121]",P06-1016,[18],4/ 7,6/ 100,87/ 218,1/ 6,18/ 21,18/ 200,8
P05-1053,[130],P06-1016,[45],6/ 7,12/ 100,130/ 218,2/ 6,18/ 26,45/ 200,12
P05-1053,"[110, 58, 59]",P06-1016,[128],4/ 7,2/ 50,76/ 218,5/ 6,60/ 132,128/ 200,8
P05-1053,[40],P06-1017,"[206, 207]",2/ 7,11/ 15,40/ 218,7/ 8,18/ 24,206/ 213,8
P05-1053,[40],P06-1104,[39],2/ 7,11/ 15,40/ 218,2/ 7,5/ 22,39/ 221,8
P05-1053,"[18, 155]",P08-2023,"[29, 30]",4/ 7,28/ 100,86/ 218,2/ 5,10/ 18,30/ 125,12
P05-1053,"[18, 155]",P08-2023,"[29, 30]",4/ 7,28/ 100,86/ 218,2/ 5,10/ 18,30/ 125,3
P05-1053,[18],P09-1113,[39],1/ 7,18/ 23,18/ 218,1/ 7,39/ 33,39/ 225,12
P05-1053,[17],P09-1113,"[50, 51, 52, 53]",1/ 7,17/ 23,17/ 218,2/ 7,12/ 15,52/ 225,8
P05-1053,[17],P09-1114,"[23, 24, 25]",1/ 7,17/ 23,17/ 218,2/ 7,2/ 27,24/ 297,8
P05-1053,"[17, 20]",P09-1114,[7],1/ 7,18/ 23,18/ 218,1/ 7,7/ 17,7/ 297,8
P05-1053,"[17, 20]",P09-1114,[7],1/ 7,18/ 23,18/ 218,1/ 7,7/ 17,7/ 297,12
P05-1053,[40],P11-1053,[10],2/ 7,11/ 15,40/ 218,1/ 3,10/ 32,10/ 364,8
P05-1053,"[40, 52]",P11-1053,"[80, 81]",2/ 7,10/ 13,46/ 218,2/ 3,44/ 328,80/ 364,8
P05-1053,[108],P11-1053,"[193, 194]",5/ 7,1/ 11,108/ 218,2/ 3,158/ 328,194/ 364,8
P05-1053,[59],P11-1056,[11],4/ 7,2/ 50,59/ 218,1/ 9,11/ 34,11/ 274,8
P05-1053,[128],P11-1056,[58],6/ 7,10/ 100,128/ 218,2/ 9,19/ 21,58/ 274,8
P05-1053,[17],P11-3012,[34],1/ 7,17/ 23,17/ 218,3/ 8,7/ 16,34/ 138,8
P05-1053,[130],P11-3012,[47],6/ 7,12/ 100,130/ 218,4/ 8,4/ 38,47/ 138,12
P05-1053,"[17, 126]",P13-1147,[167],4/ 7,12/ 100,72/ 218,6/ 9,10/ 117,167/ 285,8
P05-1053,[53],W06-1634,[9],3/ 7,9/ 13,53/ 218,1/ 6,9/ 10,9/ 236,8
P05-1053,[4],W06-1634,[17],0/ 7,4/ 6,4/ 218,2/ 6,2/ 30,17/ 236,3
P05-1053,[193],W06-1667,[174],6/ 7,75/ 100,193/ 218,3/ 5,110/ 119,174/ 190,12
P05-1053,[30],W08-0602,[39],2/ 7,1/ 15,30/ 218,1/ 9,39/ 41,39/ 243,0
P05-1053,[40],W08-0602,[136],2/ 7,11/ 15,40/ 218,4/ 9,51/ 62,136/ 243,8
P05-1053,[40],W11-1101,[203],2/ 7,11/ 15,40/ 218,5/ 7,11/ 25,203/ 226,8
P05-1053,[12],W11-1815,[10],1/ 7,12/ 23,12/ 218,1/ 5,10/ 15,10/ 289,2
P06-2124,[15],D11-1084,"[48, 49, 50, 51]",1/ 7,15/ 23,15/ 246,2/ 8,2/ 27,50/ 241,8
P06-2124,"[2, 15]",D11-1084,"[52, 53, 54]",0/ 7,8/ 23,8/ 246,2/ 8,6/ 27,53/ 241,2
P06-2124,"[2, 15]",D11-1084,"[52, 53, 54]",0/ 7,8/ 23,8/ 246,2/ 8,6/ 27,53/ 241,8
P06-2124,"[21, 37, 152]",P07-1066,"[28, 29]",3/ 7,18/ 115,70/ 246,1/ 6,28/ 30,28/ 213,8
P06-2124,[152],P10-2025,[84],5/ 7,25/ 115,152/ 246,4/ 6,22/ 84,84/ 152,12
P06-2124,"[124, 194]",P10-2025,[86],4/ 7,50/ 115,159/ 246,4/ 6,24/ 84,86/ 152,8
P06-2124,"[124, 194]",P10-2025,[86],4/ 7,50/ 115,159/ 246,4/ 6,24/ 84,86/ 152,12
P06-2124,"[115, 116, 117]",P11-2032,[11],4/ 7,26/ 37,116/ 246,1/ 7,11/ 25,11/ 127,3
P06-2124,"[115, 116, 117]",P11-2032,[11],4/ 7,26/ 37,116/ 246,1/ 7,11/ 25,11/ 127,8
P06-2124,"[2, 3, 21]",P12-1048,[17],0/ 7,9/ 23,9/ 246,1/ 8,17/ 33,17/ 171,2
P06-2124,"[2, 3, 21]",P12-1048,[17],0/ 7,9/ 23,9/ 246,1/ 8,17/ 33,17/ 171,8
P06-2124,"[7, 10]",P12-1048,[149],0/ 7,8/ 23,8/ 246,5/ 8,13/ 26,149/ 171,3
P06-2124,"[10, 83]",P12-1048,[160],2/ 7,27/ 51,46/ 246,5/ 8,24/ 26,160/ 171,8
P06-2124,"[10, 13]",P12-1079,[8],1/ 7,12/ 23,12/ 246,1/ 10,8/ 21,8/ 265,3
P06-2124,[21],P12-1079,[40],1/ 7,21/ 23,21/ 246,3/ 10,1/ 45,40/ 265,2
P06-2124,[21],P12-1079,[40],1/ 7,21/ 23,21/ 246,3/ 10,1/ 45,40/ 265,0
P06-2124,"[17, 21]",P12-2023,[30],1/ 7,19/ 23,19/ 246,1/ 6,30/ 41,30/ 105,2
P06-2124,"[17, 21]",P12-2023,[30],1/ 7,19/ 23,19/ 246,1/ 6,30/ 41,30/ 105,0
P06-2124,[21],P13-2122,[27],1/ 7,21/ 23,21/ 246,2/ 7,4/ 15,27/ 124,2
P06-2124,[21],P13-2122,[27],1/ 7,21/ 23,21/ 246,2/ 7,4/ 15,27/ 124,0
P06-2124,"[21, 39, 45, 192, 203]",W07-0722,"[13, 14, 15]",3/ 7,35/ 115,100/ 246,1/ 3,14/ 18,14/ 62,8
P06-2124,"[21, 39, 45, 192, 203]",W07-0722,"[13, 14, 15]",3/ 7,35/ 115,100/ 246,1/ 3,14/ 18,14/ 62,12
P06-2124,"[116, 119, 120]",W07-0722,[62],4/ 7,28/ 37,118/ 246,2/ 3,39/ 39,62/ 62,8
P07-1040,[36],C08-1014,"[16, 17]",1/ 10,36/ 42,36/ 213,1/ 8,16/ 20,16/ 197,8
P07-1040,[36],C08-1014,[32],1/ 10,36/ 42,36/ 213,2/ 8,7/ 14,32/ 197,8
P07-1040,[36],C08-1014,"[88, 89, 90, 91, 92]",1/ 10,36/ 42,36/ 213,5/ 8,37/ 120,90/ 197,8
P07-1040,[89],C08-1014,"[93, 94, 95, 96, 97]",3/ 10,10/ 25,89/ 213,5/ 8,42/ 120,95/ 197,8
P07-1040,[36],D09-1115,[7],1/ 10,36/ 42,36/ 213,1/ 9,7/ 25,7/ 218,8
P07-1040,"[124, 125, 126]",D09-1115,"[133, 134]",5/ 10,4/ 17,125/ 213,5/ 9,4/ 20,134/ 218,8
P07-1040,"[80, 81, 82]",D09-1115,"[147, 148]",3/ 10,2/ 25,81/ 213,5/ 9,18/ 20,148/ 218,8
P07-1040,"[119, 120, 121]",N09-2003,"[24, 25]",4/ 10,16/ 17,120/ 213,1/ 3,24/ 25,24/ 99,8
P07-1040,[36],P08-2021,"[2, 3]",1/ 10,36/ 42,36/ 213,0/ 6,2/ 4,2/ 96,8
P07-1040,"[196, 197]",P08-2021,"[23, 24]",8/ 10,4/ 18,196/ 213,1/ 6,24/ 28,24/ 96,8
P07-1040,"[64, 70]",P08-2021,"[28, 29, 30]",2/ 10,18/ 30,67/ 213,1/ 6,29/ 28,29/ 96,8
P07-1040,"[6, 144, 145, 146]",P08-2021,"[69, 70]",4/ 10,7/ 14,110/ 213,3/ 6,2/ 13,70/ 96,8
P07-1040,[93],P08-2021,"[78, 79]",3/ 10,14/ 25,93/ 213,3/ 6,10/ 13,78/ 96,8
P07-1040,[36],P11-1125,"[46, 47, 48]",1/ 10,36/ 42,36/ 213,2/ 8,17/ 18,47/ 169,8
P07-1040,[36],P11-1125,[127],1/ 10,36/ 42,36/ 213,5/ 8,18/ 49,127/ 169,8
P07-1040,"[119, 120, 121]",P39_p07,"[24, 25]",4/ 10,16/ 17,120/ 213,1/ 5,24/ 25,24/ 102,8
P07-1040,[36],P101121_p07,"[19, 20, 21]",1/ 10,36/ 42,36/ 213,1/ 10,20/ 27,20/ 326,8
P07-1040,[36],Pling_p07,"[12, 13]",1/ 10,36/ 42,36/ 213,1/ 8,12/ 22,12/ 148,8
P07-1040,"[199, 200, 201, 202, 203]",Pling_p07,[41],8/ 10,9/ 18,201/ 213,2/ 8,13/ 35,41/ 148,8
P07-1040,[140],Psem_p07,[13],6/ 10,2/ 14,140/ 213,1/ 8,13/ 27,13/ 185,8
P07-1040,"[64, 70]",Psem_p07,[116],2/ 10,18/ 30,67/ 213,4/ 8,8/ 13,116/ 185,8
P07-1040,[86],W08-0329,[7],3/ 10,7/ 25,86/ 213,1/ 6,7/ 18,7/ 111,8
P07-1040,"[123, 124, 125]",W08-0329,[17],5/ 10,3/ 17,124/ 213,1/ 6,17/ 18,17/ 111,8
P07-1040,[40],W08-0329,[39],1/ 10,40/ 42,40/ 213,2/ 6,17/ 44,39/ 111,8
P07-1040,"[95, 96]",W08-0329,"[87, 88]",3/ 10,16/ 25,96/ 213,3/ 6,22/ 38,88/ 111,8
P07-1040,[140],W09-0441,"[35, 36]",6/ 10,2/ 14,140/ 213,2/ 8,10/ 62,36/ 359,8
P98-1046,[47],A00-2034,"[36, 37]",3/ 6,1/ 40,47/ 176,2/ 8,22/ 31,36/ 232,8
P98-1046,[47],A00-2034,"[38, 39]",3/ 6,1/ 40,47/ 176,2/ 8,24/ 31,38/ 232,8
P98-1046,[47],C00-2118,[211],3/ 6,1/ 40,47/ 176,3/ 4,162/ 167,211/ 216,8
P98-1046,"[4, 47]",C00-2148,"[18, 19, 20]",2/ 6,2/ 40,26/ 176,2/ 8,5/ 7,19/ 98,12
P98-1046,"[4, 47]",C00-2148,"[18, 19, 20]",2/ 6,2/ 40,26/ 176,2/ 8,5/ 7,19/ 98,8
P98-1046,[4],C08-1002,[46],0/ 6,4/ 6,4/ 176,2/ 8,4/ 28,46/ 289,12
P98-1046,[40],H01-1010,[25],2/ 6,21/ 27,40/ 176,2/ 6,12/ 20,25/ 84,2
P98-1046,"[38, 47]",J01-3003,"[660, 661]",2/ 6,10/ 40,42/ 176,8/ 11,4/ 16,660/ 688,8
P98-1046,[40],J04-1003,"[58, 59]",2/ 6,21/ 27,40/ 176,1/ 10,58/ 108,58/ 516,2
P98-1046,[65],J05-1004,[68],3/ 6,19/ 40,65/ 176,2/ 10,20/ 32,68/ 715,2
P98-1046,"[70, 94]",N09-1057,"[30, 31]",4/ 6,16/ 69,82/ 176,2/ 9,12/ 27,30/ 201,3
P98-1046,[28],P03-1009,"[5, 6]",2/ 6,9/ 27,28/ 176,1/ 7,6/ 20,6/ 192,2
P98-1046,[47],P06-1117,[78],3/ 6,1/ 40,47/ 176,3/ 7,19/ 37,78/ 239,8
P98-1046,[164],P99-1051,[22],5/ 6,9/ 21,164/ 176,1/ 6,22/ 62,22/ 253,0
P98-1046,[158],W00-0202,[18],5/ 6,3/ 21,158/ 176,2/ 7,4/ 16,18/ 98,3
P98-1046,[65],W02-1108,"[48, 49]",3/ 6,19/ 40,65/ 176,3/ 7,8/ 85,48/ 163,2
P98-1046,[4],W03-0910,[8],0/ 6,4/ 6,4/ 176,2/ 6,4/ 8,8/ 19,8
P98-1046,[28],W04-2606,"[7, 8]",2/ 6,9/ 27,28/ 176,1/ 8,8/ 21,8/ 202,2
P98-1046,[65],W06-2611,[83],3/ 6,19/ 40,65/ 176,3/ 6,19/ 36,83/ 233,2
P98-1046,[3],W99-0503,"[6, 7]",0/ 6,3/ 6,3/ 176,3/ 6,2/ 14,6/ 25,3
P98-1046,[65],W99-0632,"[45, 46]",3/ 6,19/ 40,65/ 176,2/ 6,16/ 44,46/ 203,2
P98-1046,[20],W99-0632,[203],2/ 6,1/ 27,20/ 176,5/ 6,23/ 23,203/ 203,8
P98-1081,"[116, 117]",W01-0712,[130],3/ 5,38/ 83,116/ 163,2/ 6,116/ 132,130/ 217,8
P98-1081,"[80, 89]",W01-0712,"[134, 135]",3/ 5,6/ 83,84/ 163,2/ 6,120/ 132,134/ 217,8
P98-1081,"[116, 117, 124]",W02-1004,"[105, 106, 107, 108, 109, 110, 111]",3/ 5,40/ 83,119/ 163,5/ 9,51/ 56,108/ 179,12
P98-1081,"[100, 102, 116, 118]",E99-1025,"[117, 118]",3/ 5,30/ 83,109/ 163,3/ 6,74/ 104,118/ 206,8
P98-1081,[100],P06-2060,[35],3/ 5,21/ 83,100/ 163,2/ 7,13/ 18,35/ 126,0
P98-1081,[158],A00-1024,"[42, 43]",3/ 5,79/ 83,158/ 163,2/ 8,18/ 18,42/ 241,12
P98-1081,"[101, 102]",W05-1518,"[10, 11]",3/ 5,22/ 83,102/ 163,1/ 8,10/ 25,10/ 190,8
P98-1081,"[145, 146, 147]",W05-1518,"[81, 82, 83]",3/ 5,67/ 83,146/ 163,4/ 8,20/ 46,82/ 190,12
P98-1081,"[101, 102]",W05-1518,[90],3/ 5,22/ 83,102/ 163,4/ 8,28/ 46,90/ 190,8
P98-1081,"[130, 137]",W05-1518,[111],3/ 5,54/ 83,134/ 163,5/ 8,3/ 68,111/ 190,8
P98-1081,"[116, 117]",W00-0733,[26],3/ 5,38/ 83,116/ 163,2/ 5,23/ 43,26/ 77,8
P98-1081,"[94, 101]",W00-0733,"[18, 19, 20]",3/ 5,18/ 83,98/ 163,2/ 5,16/ 43,19/ 77,8
P98-1081,[129],W00-0733,[32],3/ 5,50/ 83,129/ 163,2/ 5,29/ 43,32/ 77,8
P98-1081,"[136, 145, 146, 147, 161]",J01-2002,"[40, 41, 42]",3/ 5,68/ 83,147/ 163,1/ 9,41/ 44,41/ 623,12
P98-1081,"[75, 90, 136]",J01-2002,"[183, 184, 185, 186]",3/ 5,27/ 83,100/ 163,3/ 9,34/ 165,184/ 623,3
P98-1081,"[3, 4, 125]",J01-2002,"[570, 571, 573]",1/ 5,18/ 83,44/ 163,6/ 9,8/ 35,571/ 623,8
P98-1081,"[116, 117, 127, 128, 134]",J01-2002,"[102, 103, 104]",3/ 5,45/ 83,124/ 163,2/ 9,53/ 100,103/ 623,8
P98-1081,"[124, 134]",J01-2002,"[487, 488]",3/ 5,50/ 83,129/ 163,5/ 9,82/ 157,488/ 623,12
P98-1081,[63],J01-2002,[176],2/ 5,1/ 17,63/ 163,3/ 9,26/ 165,176/ 623,8
P98-1081,"[3, 107]",J01-2002,[309],2/ 5,16/ 83,55/ 163,3/ 9,159/ 165,309/ 623,12
P98-1081,"[130, 134, 137, 138]",J01-2002,[398],3/ 5,56/ 83,135/ 163,4/ 9,83/ 91,398/ 623,12
P98-2143,"[154, 155, 156]",A00-1020,"[28, 29]",5/ 6,2/ 3,155/ 156,2/ 6,4/ 83,28/ 216,12
P98-2143,[15],C02-1027,[13],2/ 6,1/ 61,15/ 156,2/ 6,3/ 52,13/ 135,8
P98-2143,[15],C02-1027,[65],2/ 6,1/ 61,15/ 156,3/ 6,3/ 53,65/ 135,8
P98-2143,"[15, 18]",C02-1027,"[71, 72, 73]",2/ 6,2/ 61,16/ 156,3/ 6,10/ 53,72/ 135,8
P98-2143,"[16, 25]",C02-1027,[79],2/ 6,6/ 61,20/ 156,3/ 6,17/ 53,79/ 135,8
P98-2143,"[19, 47]",C04-1074,"[60, 61]",2/ 6,19/ 61,33/ 156,3/ 6,22/ 123,60/ 252,8
P98-2143,[15],C04-1075,[19],2/ 6,1/ 61,15/ 156,1/ 7,19/ 30,19/ 189,8
P98-2143,[58],C04-1143,[101],2/ 6,44/ 61,58/ 156,3/ 7,44/ 63,101/ 150,8
P98-2143,"[23, 24]",D09-1101,[52],2/ 6,10/ 61,24/ 156,2/ 8,6/ 39,52/ 253,8
P98-2143,"[24, 25]",E99-1031,[91],2/ 6,10/ 61,24/ 156,6/ 7,8/ 17,91/ 100,8
P98-2143,[15],H05-1001,[59],2/ 6,1/ 61,15/ 156,3/ 6,21/ 56,59/ 165,8
P98-2143,"[15, 16]",H05-1001,"[61, 62]",2/ 6,2/ 61,16/ 156,3/ 6,24/ 56,62/ 165,8
P98-2143,[17],H05-1001,[63],2/ 6,3/ 61,17/ 156,3/ 6,25/ 56,63/ 165,8
P98-2143,[16],I05-2040,[15],2/ 6,2/ 61,16/ 156,1/ 9,15/ 27,15/ 168,8
P98-2143,[154],I08-3014,"[22, 23]",5/ 6,1/ 3,154/ 156,1/ 10,22/ 33,22/ 246,8
P98-2143,[154],I08-3014,[41],5/ 6,1/ 3,154/ 156,2/ 10,2/ 122,41/ 246,8
P98-2143,"[93, 113, 114, 115]",J01-4003,[5],3/ 6,34/ 64,109/ 156,1/ 9,5/ 13,5/ 371,8
P98-2143,"[93, 113, 114, 115]",J01-4003,[5],3/ 6,34/ 64,109/ 156,1/ 9,5/ 13,5/ 371,3
P98-2143,[16],J01-4005,[318],2/ 6,2/ 61,16/ 156,5/ 8,14/ 112,318/ 435,8
P98-2143,[94],J01-4006,[45],3/ 6,19/ 64,94/ 156,2/ 6,33/ 100,45/ 186,8
P98-2143,[8],J02-1001,[6],1/ 6,8/ 7,8/ 156,1/ 8,6/ 27,6/ 288,3
P98-2143,"[154, 155]",J05-3004,"[7, 8]",5/ 6,2/ 3,154/ 156,1/ 9,8/ 40,8/ 697,0
P98-2143,"[154, 155]",J05-3004,"[7, 8]",5/ 6,2/ 3,154/ 156,1/ 9,8/ 40,8/ 697,12
P98-2143,"[1, 2, 154, 155]",N01-1008,"[9, 10, 11]",2/ 6,2/ 3,78/ 156,1/ 2,10/ 60,10/ 65,8
P98-2143,"[1, 2, 154, 155]",N01-1008,"[9, 10, 11]",2/ 6,2/ 3,78/ 156,1/ 2,10/ 60,10/ 65,12
P98-2143,[154],N01-1008,[63],5/ 6,1/ 3,154/ 156,1/ 2,63/ 60,63/ 65,8
P98-2143,"[15, 155, 156]",N04-1004,[45],4/ 6,2/ 3,109/ 156,2/ 10,32/ 39,45/ 259,8
P98-2143,"[15, 155, 156]",N04-1004,[45],4/ 6,2/ 3,109/ 156,2/ 10,32/ 39,45/ 259,12
P98-2143,[16],P00-1022,[27],2/ 6,2/ 61,16/ 156,1/ 14,27/ 29,27/ 223,8
P98-2143,"[3, 6]",P00-1022,[178],0/ 6,4/ 7,4/ 156,11/ 14,18/ 20,178/ 223,8
P98-2143,"[3, 6]",P00-1022,[178],0/ 6,4/ 7,4/ 156,11/ 14,18/ 20,178/ 223,12
P98-2143,[15],P00-1022,[209],2/ 6,1/ 61,15/ 156,13/ 14,28/ 42,209/ 223,8
P98-2143,[154],P01-1006,[65],5/ 6,1/ 3,154/ 156,3/ 5,31/ 106,65/ 145,8
P98-2143,"[3, 5]",P01-1006,[82],0/ 6,4/ 7,4/ 156,3/ 5,48/ 106,82/ 145,8
P98-2143,[154],P01-1006,[8],5/ 6,1/ 3,154/ 156,1/ 5,8/ 6,8/ 145,8
P98-2143,"[3, 5]",P03-1023,[13],0/ 6,4/ 7,4/ 156,1/ 8,13/ 26,13/ 269,8
P98-2143,[25],P04-1017,[191],2/ 6,11/ 61,25/ 156,6/ 8,5/ 7,191/ 202,8
P98-2143,[15],P04-1018,[8],2/ 6,1/ 61,15/ 156,1/ 9,8/ 15,8/ 222,8
P98-2143,[13],P05-1021,[17],1/ 6,13/ 7,13/ 156,1/ 6,17/ 34,17/ 225,3
P98-2143,[25],P05-1021,[97],2/ 6,11/ 61,25/ 156,3/ 6,23/ 62,97/ 225,8
P98-2143,[16],P06-1006,[12],2/ 6,2/ 61,16/ 156,1/ 7,12/ 28,12/ 215,8
P98-2143,"[15, 16]",P07-1068,[5],2/ 6,2/ 61,16/ 156,1/ 6,5/ 29,5/ 208,8
P98-2143,"[25, 64, 65]",P13-3012,[15],2/ 6,37/ 61,51/ 156,2/ 9,2/ 29,15/ 294,8
P98-2143,"[15, 16]",S10-1019,"[4, 5, 6, 7]",2/ 6,2/ 61,16/ 156,1/ 5,6/ 14,6/ 233,8
P98-2143,"[154, 155]",W01-0704,"[82, 83]",5/ 6,2/ 3,154/ 156,5/ 7,6/ 29,82/ 119,8
P98-2143,"[154, 155]",W01-0704,"[82, 83]",5/ 6,2/ 3,154/ 156,5/ 7,6/ 29,82/ 119,12
P98-2143,[154],W04-0707,[222],5/ 6,1/ 3,154/ 156,4/ 8,165/ 203,222/ 276,8
P98-2143,"[63, 64, 65]",W04-2310,[102],2/ 6,50/ 61,64/ 156,8/ 9,7/ 21,102/ 116,8
P98-2143,"[85, 139]",W04-2310,[11],3/ 6,37/ 64,112/ 156,1/ 9,11/ 18,11/ 116,3
P98-2143,"[15, 16]",W06-2302,[48],2/ 6,2/ 61,16/ 156,2/ 7,32/ 49,48/ 191,8
P98-2143,"[15, 16]",W09-2411,[6],2/ 6,2/ 61,16/ 156,1/ 6,6/ 21,6/ 147,8
P98-2143,"[3, 5]",W99-0104,[59],0/ 6,4/ 7,4/ 156,2/ 6,22/ 37,59/ 268,8
P98-2143,[25],W99-0104,[60],2/ 6,11/ 61,25/ 156,2/ 6,23/ 37,60/ 268,8
P98-2143,"[98, 99]",W99-0207,"[128, 129]",3/ 6,24/ 64,98/ 156,4/ 7,4/ 22,128/ 152,8
P98-2143,"[98, 99]",W99-0207,"[128, 129]",3/ 6,24/ 64,98/ 156,4/ 7,4/ 22,128/ 152,12
P98-2143,"[12, 13]",W99-0207,[131],1/ 6,12/ 7,12/ 156,4/ 7,7/ 22,131/ 152,3
W03-0410,[11],D07-1018,[9],1/ 9,11/ 27,11/ 274,1/ 10,9/ 27,9/ 239,8
W03-0410,[15],D09-1138,[25],1/ 9,15/ 27,15/ 274,1/ 8,25/ 21,25/ 268,3
W03-0410,[17],D09-1138,[70],1/ 9,17/ 27,17/ 274,2/ 8,43/ 85,70/ 268,12
W03-0410,[131],D11-1095,[17],4/ 9,2/ 33,131/ 274,1/ 7,17/ 28,17/ 258,8
W03-0410,[34],D11-1095,[38],2/ 9,1/ 17,34/ 274,2/ 7,5/ 19,38/ 258,8
W03-0410,[123],D11-1095,[40],3/ 9,73/ 79,123/ 274,2/ 7,7/ 19,40/ 258,8
W03-0410,"[34, 117]",D11-1095,[54],2/ 9,34/ 79,76/ 274,3/ 7,2/ 99,54/ 258,8
W03-0410,[137],D11-1095,"[82, 83]",4/ 9,8/ 33,137/ 274,3/ 7,30/ 99,82/ 258,3
W03-0410,[27],D11-1095,[167],1/ 9,27/ 27,27/ 274,4/ 7,16/ 67,167/ 258,8
W03-0410,[28],D11-1095,[168],1/ 9,28/ 27,28/ 274,4/ 7,17/ 67,168/ 258,8
W03-0410,[114],D11-1095,[169],3/ 9,64/ 79,114/ 274,4/ 7,18/ 67,169/ 258,8
W03-0410,[144],J06-2001,[397],4/ 9,15/ 33,144/ 274,3/ 8,325/ 424,397/ 676,8
W03-0410,"[117, 229, 230]",J06-2001,"[586, 587, 588, 589]",4/ 9,67/ 89,192/ 274,5/ 8,36/ 61,588/ 676,8
W03-0410,"[144, 157]",P03-1009,[124],4/ 9,22/ 33,150/ 274,5/ 7,67/ 125,124/ 192,8
W03-0410,[195],P03-1009,[143],5/ 9,33/ 89,195/ 274,5/ 7,86/ 125,143/ 192,12
W03-0410,[11],P04-2007,[11],1/ 9,11/ 27,11/ 274,1/ 6,11/ 13,11/ 144,8
W03-0410,[23],P07-3016,[39],1/ 9,23/ 27,23/ 274,2/ 8,16/ 34,39/ 146,2
W03-0410,[261],W06-2910,"[7, 8]",7/ 9,1/ 12,261/ 274,1/ 7,8/ 22,8/ 180,8
W03-0410,[261],W06-2910,"[7, 8]",7/ 9,1/ 12,261/ 274,1/ 7,8/ 22,8/ 180,0
W03-0410,"[35, 254]",W06-2910,[13],4/ 9,2/ 9,144/ 274,1/ 7,13/ 22,13/ 180,8
W03-0410,[144],W06-2910,"[118, 119]",4/ 9,15/ 33,144/ 274,5/ 7,22/ 73,118/ 180,8
W03-0410,[17],E09-1072,[80],1/ 9,17/ 27,17/ 274,4/ 7,6/ 33,80/ 200,12
W04-0213,[6],C04-1061,[13],1/ 5,6/ 14,6/ 160,1/ 8,13/ 12,13/ 124,8
W04-0213,[3],C04-1061,[32],1/ 5,3/ 14,3/ 160,2/ 8,14/ 18,32/ 124,8
W04-0213,"[17, 18, 113]",C04-1061,[47],2/ 5,4/ 46,49/ 160,4/ 8,2/ 48,47/ 124,8
W04-0213,[68],C08-2009,[4],2/ 5,52/ 87,68/ 160,1/ 6,4/ 17,4/ 126,8
W04-0213,[3],P06-3008,[22],1/ 5,3/ 14,3/ 160,2/ 4,2/ 115,22/ 138,8
W04-0213,[42],P08-2062,"[3, 4]",2/ 5,26/ 87,42/ 160,1/ 7,4/ 12,4/ 107,8
W04-0213,[125],P08-2062,[15],3/ 5,22/ 46,125/ 160,2/ 7,1/ 26,15/ 107,8
W04-0213,"[5, 6, 7]",W06-2709,[72],1/ 5,6/ 14,6/ 160,4/ 7,9/ 12,72/ 83,8
W04-0213,[3],W07-1525,[170],1/ 5,3/ 14,3/ 160,6/ 9,1/ 23,170/ 223,8
W04-0213,"[3, 4]",W07-1530,"[29, 30]",1/ 5,4/ 14,4/ 160,3/ 8,10/ 20,30/ 119,8
W04-0213,"[2, 6]",W07-1530,[40],0/ 5,4/ 14,4/ 160,4/ 8,1/ 13,40/ 119,8
W04-0213,"[6, 17, 18, 68]",W11-0401,"[42, 43, 44, 45, 48, 49]",2/ 5,15/ 87,27/ 160,2/ 6,14/ 38,45/ 252,8
W04-0213,"[6, 17, 18, 68]",W11-0401,"[42, 43, 44, 45, 48, 49]",2/ 5,15/ 87,27/ 160,2/ 6,14/ 38,45/ 252,3
W04-0213,[44],W12-3205,[98],2/ 5,28/ 87,44/ 160,3/ 6,35/ 38,98/ 188,8
W04-0213,[8],W13-2708,[161],1/ 5,8/ 14,8/ 160,4/ 8,39/ 69,161/ 221,8
W04-0213,[1],W13-3306,[31],0/ 5,1/ 2,1/ 160,2/ 10,5/ 14,31/ 162,8
W06-3909,[8],D09-1025,[93],1/ 7,8/ 11,8/ 206,3/ 6,16/ 47,93/ 255,5
W06-3909,[121],D09-1025,"[119, 120]",4/ 7,16/ 90,121/ 206,3/ 6,42/ 47,120/ 255,5
W06-3909,[196],P09-1045,[127],5/ 7,1/ 10,196/ 206,4/ 10,7/ 39,127/ 259,5
W06-3909,[19],P09-1113,[17],2/ 7,5/ 24,19/ 206,1/ 7,17/ 33,17/ 225,5
W06-3909,[51],P170300_w06,[82],3/ 7,13/ 67,51/ 206,2/ 4,26/ 107,82/ 165,5
W06-3909,"[20, 21]",P846406_w06,[104],2/ 7,6/ 24,20/ 206,3/ 5,66/ 95,104/ 151,5
W06-3909,[30],P846406_w06,[105],2/ 7,16/ 24,30/ 206,3/ 5,67/ 95,105/ 151,5
W06-3909,[196],Pfram_w06,[596],5/ 7,1/ 10,196/ 206,1/ 4,596/ 721,596/ 1094,5
W06-3909,[68],Pfram_w06,[601],3/ 7,30/ 67,68/ 206,1/ 4,601/ 721,601/ 1094,5
W06-3909,[33],Ponto_w06,[18],2/ 7,19/ 24,33/ 206,1/ 7,18/ 19,18/ 226,5
W06-3909,[19],Ponto_w06,[27],2/ 7,5/ 24,19/ 206,2/ 7,2/ 11,27/ 226,5
W06-3909,"[122, 123, 124, 125, 126, 127, 128, 129, 130]",PSS07_w06,[49],4/ 7,21/ 90,126/ 206,2/ 7,14/ 28,49/ 283,6
W08-2222,"[3, 144]",P13-1138,[69],2/ 6,20/ 47,74/ 164,3/ 7,11/ 79,69/ 251,8
W08-2222,[17],Q13-1015,[43],2/ 6,5/ 49,17/ 164,2/ 12,26/ 33,43/ 301,8
W08-2222,[17],S12-1040,[12],2/ 6,5/ 49,17/ 164,1/ 7,12/ 8,12/ 229,8
W08-2222,"[17, 11]",S13-1002,[42],2/ 6,8/ 3,14/ 164,2/ 9,5/ 39,42/ 257,8
W08-2222,"[11, 164]",W10-1750,[56],3/ 6,10/ 10,88/ 164,2/ 7,25/ 40,56/ 144,8
W08-2222,"[17, 23]",W11-2408,[124],2/ 6,8/ 49,20/ 164,5/ 7,40/ 42,124/ 127,8
W08-2222,"[17, 23]",W11-2408,[124],2/ 6,8/ 49,20/ 164,5/ 7,40/ 42,124/ 127,3
W08-2222,[10],W13-2101,[7],1/ 6,10/ 3,10/ 164,1/ 9,7/ 10,7/ 189,3
W08-2222,[156],W13-3209,[35],5/ 6,2/ 10,156/ 164,2/ 9,7/ 26,35/ 175,8
W09-0621,[3],D12-1016,"[83, 84]",0/ 6,3/ 4,3/ 99,3/ 8,12/ 56,84/ 308,8
W09-0621,[13],D13-1155,[102],1/ 6,13/ 12,13/ 99,4/ 7,5/ 47,102/ 229,8
W09-0621,[3],PS15684-W09,[43],0/ 6,3/ 4,3/ 99,2/ 7,15/ 43,43/ 431,8
W09-0621,[10],PS15684-W09,[253],1/ 6,10/ 12,10/ 99,4/ 7,9/ 154,253/ 431,8
W09-0621,[40],PS15684-W09,[288],2/ 6,24/ 60,40/ 99,4/ 7,44/ 154,288/ 431,8
W09-0621,[43],PS15684-W09,[289],2/ 6,27/ 60,43/ 99,4/ 7,45/ 154,289/ 431,8
W09-0621,[60],PS15684-W09,[349],2/ 6,44/ 60,60/ 99,4/ 7,105/ 154,349/ 431,8
W09-0621,[81],PS15684-W09,[362],3/ 6,5/ 7,81/ 99,4/ 7,118/ 154,362/ 431,8
W09-0621,[68],PS15684-W09,"[368, 369, 370]",2/ 6,52/ 60,68/ 99,4/ 7,125/ 154,369/ 431,8
W09-0621,[57],W10-4223,"[33, 34]",2/ 6,41/ 60,57/ 99,2/ 6,10/ 14,34/ 104,8
W09-0621,[1],w11-1604,[34],0/ 6,1/ 4,1/ 99,2/ 6,7/ 30,34/ 105,8
W09-0621,[46],w11-1604,[73],2/ 6,30/ 60,46/ 99,3/ 6,16/ 27,73/ 105,8
W11-0815,[217],D13-1060,[7],5/ 6,1/ 10,217/ 226,1/ 8,7/ 21,7/ 221,8
W11-0815,[18],P09207_w11,"[625, 626]",1/ 6,18/ 21,18/ 226,3/ 4,268/ 402,626/ 760,8
W11-0815,[1],Pproc9_w11,"[15, 16]",0/ 6,1/ 5,1/ 226,1/ 7,16/ 19,16/ 177,7
W11-0815,[47],Pproc14_w11,"[16, 17, 18, 19]",3/ 6,10/ 87,47/ 226,1/ 8,18/ 27,18/ 201,8
W11-0815,[6],S13-1039,[5],1/ 6,6/ 21,6/ 226,1/ 12,5/ 12,5/ 200,8
W11-0815,[21],W12-3311,[31],1/ 6,21/ 21,21/ 226,1/ 7,31/ 26,31/ 143,8
W11-0815,[15],W13-1006,"[15, 16]",1/ 6,15/ 21,15/ 226,1/ 7,16/ 19,16/ 173,8
W11-0815,[17],W13-3208,[16],1/ 6,17/ 21,17/ 226,1/ 6,16/ 36,16/ 195,11
W11-0815,[30],W15-0909,"[4, 5, 6]",2/ 6,4/ 11,30/ 226,1/ 7,5/ 11,5/ 99,8
W11-0815,"[62, 64]",W15-0909,"[7, 8]",3/ 6,26/ 87,63/ 226,1/ 7,8/ 11,8/ 99,11
W95-0104,"[32, 25]",A00-2019,[23],2/ 7,14/ 19,28/ 337,1/ 7,23/ 31,23/ 200,0
W95-0104,"[32, 25]",A00-2019,[23],2/ 7,14/ 19,28/ 337,1/ 7,23/ 31,23/ 200,8
W95-0104,[25],A97-1025,[29],1/ 7,25/ 19,25/ 337,2/ 8,7/ 15,29/ 211,8
W95-0104,[63],A97-1025,[125],3/ 7,12/ 233,63/ 337,5/ 8,1/ 73,125/ 211,12
W95-0104,"[17, 25]",C04-1131,[46],1/ 7,21/ 19,21/ 337,2/ 5,34/ 48,46/ 215,2
W95-0104,"[17, 25]",C04-1131,[46],1/ 7,21/ 19,21/ 337,2/ 5,34/ 48,46/ 215,8
W95-0104,"[18, 24]",D07-1012,[71],1/ 7,21/ 19,21/ 337,5/ 7,36/ 234,71/ 272,8
W95-0104,[25],D11-1119,[40],1/ 7,25/ 19,25/ 337,2/ 8,11/ 30,40/ 274,8
W95-0104,"[58, 59, 63]",E06-1030,[164],3/ 7,9/ 233,60/ 337,5/ 9,24/ 39,164/ 237,12
W95-0104,"[18, 19]",E99-1024,"[33, 34]",1/ 7,18/ 19,18/ 337,1/ 6,34/ 46,34/ 199,8
W95-0104,"[18, 19]",E99-1024,"[33, 34]",1/ 7,18/ 19,18/ 337,1/ 6,34/ 46,34/ 199,0
W95-0104,"[18, 33, 34, 35]",H01-1052,"[20, 21, 22]",2/ 7,9/ 23,30/ 337,2/ 8,4/ 16,21/ 128,8
W95-0104,"[85, 86, 87, 88]",J98-1006,"[108, 109]",3/ 7,36/ 233,86/ 337,2/ 6,80/ 189,108/ 400,8
W95-0104,"[17, 19, 333, 334]",N03-2035,"[23, 24]",3/ 7,11/ 7,176/ 337,1/ 7,24/ 22,24/ 93,8
W95-0104,"[17, 19, 333, 334]",N03-2035,"[23, 24]",3/ 7,11/ 7,176/ 337,1/ 7,24/ 22,24/ 93,12
W95-0104,[25],N03-2035,[56],1/ 7,25/ 19,25/ 337,6/ 7,23/ 60,56/ 93,8
W95-0104,[18],N03-2035,[89],1/ 7,18/ 19,18/ 337,6/ 7,56/ 60,89/ 93,8
W95-0104,"[18, 24]",N04-1016,"[98, 99]",1/ 7,21/ 19,21/ 337,4/ 11,8/ 30,98/ 227,8
W95-0104,[63],N04-1016,[102],3/ 7,12/ 233,63/ 337,4/ 11,12/ 30,102/ 227,12
W95-0104,"[19, 58]",N04-1016,[103],2/ 7,13/ 233,38/ 337,4/ 11,13/ 30,103/ 227,0
W95-0104,"[19, 58]",N04-1016,[103],2/ 7,13/ 233,38/ 337,4/ 11,13/ 30,103/ 227,12
W95-0104,"[58, 59]",N04-1016,[114],3/ 7,8/ 233,58/ 337,4/ 11,24/ 30,114/ 227,12
W95-0104,[18],N04-1016,[116],1/ 7,18/ 19,18/ 337,4/ 11,26/ 30,116/ 227,8
W95-0104,[35],N10-1019,[11],2/ 7,7/ 23,35/ 337,1/ 8,11/ 27,11/ 197,8
W95-0104,"[18, 162, 163]",P01-1005,"[19, 20]",2/ 7,80/ 233,114/ 337,2/ 7,4/ 10,20/ 132,8
W95-0104,"[333, 334]",P96-1010,[25],5/ 7,4/ 7,334/ 337,1/ 9,25/ 38,25/ 199,8
W95-0104,"[333, 334]",P96-1010,[25],5/ 7,4/ 7,334/ 337,1/ 9,25/ 38,25/ 199,12
W95-0104,"[322, 325]",P96-1010,[38],4/ 7,40/ 45,324/ 337,1/ 9,38/ 38,38/ 199,12
W95-0104,[25],P96-1010,[78],1/ 7,25/ 19,25/ 337,5/ 9,3/ 45,78/ 199,8
W95-0104,[18],P96-1010,"[79, 80]",1/ 7,18/ 19,18/ 337,5/ 9,4/ 45,80/ 199,8
W95-0104,[19],P98-2138,[95],1/ 7,19/ 19,19/ 337,5/ 7,13/ 96,95/ 180,0
W95-0104,[24],P98-2138,[143],1/ 7,24/ 19,24/ 337,5/ 7,61/ 96,143/ 180,8
W95-0104,"[18, 19]",W00-0701,[23],1/ 7,18/ 19,18/ 337,2/ 6,6/ 30,23/ 143,8
W95-0104,"[18, 19]",W00-0701,[23],1/ 7,18/ 19,18/ 337,2/ 6,6/ 30,23/ 143,0
W95-0104,[17],W00-0701,[113],1/ 7,17/ 19,17/ 337,4/ 6,18/ 27,113/ 143,2
W95-0104,[18],W01-0502,[10],1/ 7,18/ 19,18/ 337,1/ 7,10/ 26,10/ 246,8
W95-0104,"[19, 25]",W02-1005,[9],1/ 7,22/ 19,22/ 337,1/ 7,9/ 9,9/ 231,0
W95-0104,"[19, 25]",W02-1005,[9],1/ 7,22/ 19,22/ 337,1/ 7,9/ 9,9/ 231,8
W95-0104,"[19, 58]",W02-1005,[180],2/ 7,13/ 233,38/ 337,5/ 7,30/ 78,180/ 231,0
W95-0104,"[19, 58]",W02-1005,[180],2/ 7,13/ 233,38/ 337,5/ 7,30/ 78,180/ 231,12
W95-0104,[19],W04-3238,[13],1/ 7,19/ 19,19/ 337,1/ 7,13/ 30,13/ 147,0
W95-0104,[216],W06-1624,[84],3/ 7,165/ 233,216/ 337,2/ 7,60/ 82,84/ 283,8
W95-0104,[32],W06-3604,[146],2/ 7,4/ 23,32/ 337,5/ 8,9/ 9,146/ 155,0
W95-0104,"[19, 25]",W12-0304,[33],1/ 7,22/ 19,22/ 337,2/ 7,7/ 23,33/ 220,0
W95-0104,"[19, 25]",W12-0304,[33],1/ 7,22/ 19,22/ 337,2/ 7,7/ 23,33/ 220,8
W95-0104,"[19, 25]",W96-0108,[28],1/ 7,22/ 19,22/ 337,1/ 7,28/ 26,28/ 180,0
W95-0104,"[19, 25]",W96-0108,[28],1/ 7,22/ 19,22/ 337,1/ 7,28/ 26,28/ 180,8
W95-0104,[19],W98-1234,[4],1/ 7,19/ 19,19/ 337,0/ 2,4/ 4,4/ 22,0
X96-1048,[357],A97-1028,[3],2/ 4,158/ 160,357/ 362,1/ 6,3/ 21,3/ 106,3
X96-1048,"[4, 113]",J00-4003,"[12, 20]",1/ 4,58/ 198,58/ 362,1/ 4,16/ 26,16/ 943,8
X96-1048,"[129, 132, 133]",J00-4003,"[71, 72]",1/ 4,131/ 198,131/ 362,2/ 4,42/ 463,72/ 943,12
X96-1048,[13],W97-1307,"[29, 30]",1/ 4,13/ 198,13/ 362,1/ 10,30/ 43,30/ 205,8
X96-1048,[174],P06-1059,[10],1/ 4,174/ 198,174/ 362,1/ 7,10/ 35,10/ 182,12
X96-1048,"[27, 28, 31, 227]",C04-1126,"[49, 50, 51]",1/ 4,28/ 160,78/ 362,2/ 8,19/ 35,50/ 176,8
X96-1048,"[212, 213]",C04-1126,[34],2/ 4,14/ 160,212/ 362,2/ 8,3/ 35,34/ 176,12
X96-1048,"[54, 57]",W99-0612,"[141, 142]",1/ 4,56/ 198,56/ 362,1/ 2,142/ 209,142/ 212,12
X96-1048,[72],E99-1001,[17],1/ 4,72/ 198,72/ 362,1/ 8,17/ 36,17/ 217,8
X96-1048,"[245, 246]",M98-1003,[3],2/ 4,46/ 160,246/ 362,1/ 3,3/ 84,3/ 87,3
